{
  "canvas": {
    "width": 2000,
    "height": 2000,
    "scrollTop": 166.66665649414062,
    "scrollLeft": 813.3333129882812,
    "show": {
      "tableComment": true,
      "columnComment": true,
      "columnDataType": true,
      "columnDefault": true,
      "columnAutoIncrement": true,
      "columnPrimaryKey": true,
      "columnUnique": true,
      "columnNotNull": true,
      "relationship": true
    },
    "database": "MariaDB",
    "databaseName": "RED-SUPERMERCADOS",
    "canvasType": "ERD",
    "language": "GraphQL",
    "tableCase": "pascalCase",
    "columnCase": "camelCase",
    "setting": {
      "relationshipDataTypeSync": true,
      "columnOrder": [
        "columnName",
        "columnDataType",
        "columnNotNull",
        "columnUnique",
        "columnAutoIncrement",
        "columnDefault",
        "columnComment"
      ]
    }
  },
  "table": {
    "tables": [
      {
        "name": "Supermercados",
        "comment": "",
        "columns": [
          {
            "name": "id_Supermercado",
            "comment": "",
            "dataType": "INT",
            "default": "",
            "option": {
              "autoIncrement": true,
              "primaryKey": true,
              "unique": true,
              "notNull": true
            },
            "ui": {
              "active": false,
              "pk": true,
              "fk": false,
              "pfk": false,
              "widthName": 109,
              "widthComment": 60,
              "widthDataType": 60,
              "widthDefault": 60
            },
            "id": "8fa9c24f-24d0-3761-a0e0-65723d9e59fc"
          },
          {
            "name": "nombre",
            "comment": "",
            "dataType": "VARCHAR(20)",
            "default": "",
            "option": {
              "autoIncrement": false,
              "primaryKey": false,
              "unique": false,
              "notNull": true
            },
            "ui": {
              "active": false,
              "pk": false,
              "fk": false,
              "pfk": false,
              "widthName": 60,
              "widthComment": 60,
              "widthDataType": 83,
              "widthDefault": 60
            },
            "id": "a28e5438-efb6-05d9-4f33-0e167df06e93"
          },
          {
            "name": "direccion",
            "comment": "",
            "dataType": "VARCHAR(20)",
            "default": "",
            "option": {
              "autoIncrement": false,
              "primaryKey": false,
              "unique": false,
              "notNull": true
            },
            "ui": {
              "active": false,
              "pk": false,
              "fk": false,
              "pfk": false,
              "widthName": 60,
              "widthComment": 60,
              "widthDataType": 83,
              "widthDefault": 60
            },
            "id": "23690218-a349-3acf-d190-25dd6be1047c"
          },
          {
            "name": "cod_Postal",
            "comment": "",
            "dataType": "NUMERIC",
            "default": "",
            "option": {
              "autoIncrement": false,
              "primaryKey": false,
              "unique": false,
              "notNull": true
            },
            "ui": {
              "active": false,
              "pk": false,
              "fk": false,
              "pfk": false,
              "widthName": 67,
              "widthComment": 60,
              "widthDataType": 61,
              "widthDefault": 60
            },
            "id": "600fdccb-af62-8901-8b57-fda72669a1a9"
          },
          {
            "name": "telefono",
            "comment": "",
            "dataType": "NUMERIC",
            "default": "",
            "option": {
              "autoIncrement": false,
              "primaryKey": false,
              "unique": false,
              "notNull": false
            },
            "ui": {
              "active": false,
              "pk": false,
              "fk": false,
              "pfk": false,
              "widthName": 60,
              "widthComment": 60,
              "widthDataType": 61,
              "widthDefault": 60
            },
            "id": "904bf2af-148a-6940-b257-542a06fbd442"
          },
          {
            "name": "fecha_Inaguracion",
            "comment": "",
            "dataType": "DATE",
            "default": "",
            "option": {
              "autoIncrement": false,
              "primaryKey": false,
              "unique": false,
              "notNull": false
            },
            "ui": {
              "active": false,
              "pk": false,
              "fk": false,
              "pfk": false,
              "widthName": 115,
              "widthComment": 60,
              "widthDataType": 60,
              "widthDefault": 60
            },
            "id": "7874ab5b-2331-dec8-1f36-89262287f417"
          }
        ],
        "ui": {
          "active": false,
          "left": 252,
          "top": 836,
          "zIndex": 510,
          "widthName": 94,
          "widthComment": 60
        },
        "id": "d9a8675e-ea2f-abc5-e34d-a207e8e49f2a"
      },
      {
        "name": "Empleados",
        "comment": "",
        "columns": [
          {
            "name": "id_Empleado",
            "comment": "",
            "dataType": "INT",
            "default": "",
            "option": {
              "autoIncrement": true,
              "primaryKey": true,
              "unique": true,
              "notNull": true
            },
            "ui": {
              "active": false,
              "pk": true,
              "fk": false,
              "pfk": false,
              "widthName": 80,
              "widthComment": 60,
              "widthDataType": 60,
              "widthDefault": 60
            },
            "id": "5080d1ca-c37b-b4a9-dd08-71f66c84460b"
          },
          {
            "name": "id_Supermercado",
            "comment": "",
            "dataType": "INT",
            "default": "",
            "option": {
              "autoIncrement": false,
              "primaryKey": false,
              "unique": false,
              "notNull": true
            },
            "ui": {
              "active": false,
              "pk": false,
              "fk": true,
              "pfk": false,
              "widthName": 109,
              "widthComment": 60,
              "widthDataType": 60,
              "widthDefault": 60
            },
            "id": "1ac624c5-6d01-5495-6f38-56353ca13fe3"
          },
          {
            "name": "id_Seccion",
            "comment": "",
            "dataType": "INT",
            "default": "",
            "option": {
              "autoIncrement": false,
              "primaryKey": false,
              "unique": false,
              "notNull": true
            },
            "ui": {
              "active": false,
              "pk": false,
              "fk": true,
              "pfk": false,
              "widthName": 65,
              "widthComment": 60,
              "widthDataType": 60,
              "widthDefault": 60
            },
            "id": "047e7f7d-bc4a-febf-1b37-e8445a9763f9"
          },
          {
            "name": "id_Jefe",
            "comment": "",
            "dataType": "INT",
            "default": "",
            "option": {
              "autoIncrement": false,
              "primaryKey": false,
              "unique": false,
              "notNull": false
            },
            "ui": {
              "active": false,
              "pk": false,
              "fk": true,
              "pfk": false,
              "widthName": 60,
              "widthComment": 60,
              "widthDataType": 60,
              "widthDefault": 60
            },
            "id": "edf58920-047a-8f8b-0f06-e87f94e399eb"
          },
          {
            "name": "dni",
            "comment": "",
            "dataType": "VARCHAR(10)",
            "default": "",
            "option": {
              "autoIncrement": false,
              "primaryKey": false,
              "unique": false,
              "notNull": true
            },
            "ui": {
              "active": false,
              "pk": false,
              "fk": false,
              "pfk": false,
              "widthName": 60,
              "widthComment": 60,
              "widthDataType": 83,
              "widthDefault": 60
            },
            "id": "aa1ac9c0-5b51-0a4b-3e63-051940101e8d"
          },
          {
            "name": "nombre",
            "comment": "",
            "dataType": "VARCHAR(20)",
            "default": "",
            "option": {
              "autoIncrement": false,
              "primaryKey": false,
              "unique": false,
              "notNull": true
            },
            "ui": {
              "active": false,
              "pk": false,
              "fk": false,
              "pfk": false,
              "widthName": 60,
              "widthComment": 60,
              "widthDataType": 83,
              "widthDefault": 60
            },
            "id": "6673d32c-d597-ddeb-84a0-0be656f59e75"
          },
          {
            "name": "apellido1",
            "comment": "",
            "dataType": "VARCHAR(20)",
            "default": "",
            "option": {
              "autoIncrement": false,
              "primaryKey": false,
              "unique": false,
              "notNull": false
            },
            "ui": {
              "active": false,
              "pk": false,
              "fk": false,
              "pfk": false,
              "widthName": 60,
              "widthComment": 60,
              "widthDataType": 83,
              "widthDefault": 60
            },
            "id": "829d8c29-2b3d-370c-c76e-0844f0fab5f1"
          },
          {
            "name": "apellido2",
            "comment": "",
            "dataType": "VARCHAR(20)",
            "default": "",
            "option": {
              "autoIncrement": false,
              "primaryKey": false,
              "unique": false,
              "notNull": false
            },
            "ui": {
              "active": false,
              "pk": false,
              "fk": false,
              "pfk": false,
              "widthName": 60,
              "widthComment": 60,
              "widthDataType": 83,
              "widthDefault": 60
            },
            "id": "90466ef6-afa0-d389-be9f-ac4cbae6f282"
          },
          {
            "name": "direccion",
            "comment": "",
            "dataType": "VARCHAR(50)",
            "default": "",
            "option": {
              "autoIncrement": false,
              "primaryKey": false,
              "unique": false,
              "notNull": false
            },
            "ui": {
              "active": false,
              "pk": false,
              "fk": false,
              "pfk": false,
              "widthName": 60,
              "widthComment": 60,
              "widthDataType": 83,
              "widthDefault": 60
            },
            "id": "0fa7f974-ee87-64e5-a1e2-0ed8d9f7a6fc"
          },
          {
            "name": "cod_Postal",
            "comment": "",
            "dataType": "NUMERIC",
            "default": "",
            "option": {
              "autoIncrement": false,
              "primaryKey": false,
              "unique": false,
              "notNull": false
            },
            "ui": {
              "active": false,
              "pk": false,
              "fk": false,
              "pfk": false,
              "widthName": 67,
              "widthComment": 60,
              "widthDataType": 61,
              "widthDefault": 60
            },
            "id": "bbe1997f-f848-8a6d-8f2b-118c4787c8e5"
          },
          {
            "name": "telefono",
            "comment": "",
            "dataType": "NUMERIC",
            "default": "",
            "option": {
              "autoIncrement": false,
              "primaryKey": false,
              "unique": false,
              "notNull": false
            },
            "ui": {
              "active": false,
              "pk": false,
              "fk": false,
              "pfk": false,
              "widthName": 60,
              "widthComment": 60,
              "widthDataType": 61,
              "widthDefault": 60
            },
            "id": "6b40cdc6-13e7-0943-8f44-5cabebd92225"
          },
          {
            "name": "fecha_Antiguedad",
            "comment": "",
            "dataType": "DATE",
            "default": "",
            "option": {
              "autoIncrement": false,
              "primaryKey": false,
              "unique": false,
              "notNull": false
            },
            "ui": {
              "active": false,
              "pk": false,
              "fk": false,
              "pfk": false,
              "widthName": 112,
              "widthComment": 60,
              "widthDataType": 60,
              "widthDefault": 60
            },
            "id": "82d5f0b5-0f25-0d10-597a-c246eb33ef1d"
          }
        ],
        "ui": {
          "active": false,
          "left": 800.9999999999999,
          "top": 522,
          "zIndex": 532,
          "widthName": 67,
          "widthComment": 60
        },
        "id": "415f3495-7cb3-589d-8a6a-fb13d68fce22"
      },
      {
        "name": "Secciones",
        "comment": "",
        "columns": [
          {
            "name": "id_Seccion",
            "comment": "",
            "dataType": "INT",
            "default": "",
            "option": {
              "autoIncrement": true,
              "primaryKey": true,
              "unique": true,
              "notNull": true
            },
            "ui": {
              "active": false,
              "pk": true,
              "fk": false,
              "pfk": false,
              "widthName": 65,
              "widthComment": 60,
              "widthDataType": 60,
              "widthDefault": 60
            },
            "id": "b7b5cdd3-7a3b-443a-381b-b6eacd5d9fa2"
          },
          {
            "name": "nombre",
            "comment": "",
            "dataType": "VARCHAR(20)",
            "default": "",
            "option": {
              "autoIncrement": false,
              "primaryKey": false,
              "unique": false,
              "notNull": true
            },
            "ui": {
              "active": false,
              "pk": false,
              "fk": false,
              "pfk": false,
              "widthName": 60,
              "widthComment": 60,
              "widthDataType": 83,
              "widthDefault": 60
            },
            "id": "777107e2-3c54-b0db-58b1-29e98d08185b"
          },
          {
            "name": "caracteristicas",
            "comment": "",
            "dataType": "VARCHAR(50)",
            "default": "",
            "option": {
              "autoIncrement": false,
              "primaryKey": false,
              "unique": false,
              "notNull": false
            },
            "ui": {
              "active": false,
              "pk": false,
              "fk": false,
              "pfk": false,
              "widthName": 89,
              "widthComment": 60,
              "widthDataType": 83,
              "widthDefault": 60
            },
            "id": "c05211c2-d352-0365-0d9e-f1840e8e3030"
          }
        ],
        "ui": {
          "active": false,
          "left": 1384,
          "top": 668,
          "zIndex": 536,
          "widthName": 62,
          "widthComment": 60
        },
        "id": "bba6b90d-9992-08c3-0121-ee8730bfb472"
      },
      {
        "name": "Proveedores",
        "comment": "",
        "columns": [
          {
            "name": "id_Proveedor",
            "comment": "",
            "dataType": "INT",
            "default": "",
            "option": {
              "autoIncrement": true,
              "primaryKey": true,
              "unique": true,
              "notNull": true
            },
            "ui": {
              "active": false,
              "pk": true,
              "fk": false,
              "pfk": false,
              "widthName": 82,
              "widthComment": 60,
              "widthDataType": 60,
              "widthDefault": 60
            },
            "id": "275b6ea3-92ae-7780-f4ed-5008d5f89573"
          },
          {
            "name": "cif",
            "comment": "",
            "dataType": "VARCHAR",
            "default": "",
            "option": {
              "autoIncrement": false,
              "primaryKey": false,
              "unique": false,
              "notNull": true
            },
            "ui": {
              "active": false,
              "pk": false,
              "fk": false,
              "pfk": false,
              "widthName": 60,
              "widthComment": 60,
              "widthDataType": 60,
              "widthDefault": 60
            },
            "id": "f5190f09-a66f-aaf9-bfbd-daf75149898d"
          },
          {
            "name": "nombre",
            "comment": "",
            "dataType": "VARCHAR",
            "default": "",
            "option": {
              "autoIncrement": false,
              "primaryKey": false,
              "unique": false,
              "notNull": true
            },
            "ui": {
              "active": false,
              "pk": false,
              "fk": false,
              "pfk": false,
              "widthName": 60,
              "widthComment": 60,
              "widthDataType": 60,
              "widthDefault": 60
            },
            "id": "35982e79-cd65-15c1-8fe9-ce47fc3d538e"
          },
          {
            "name": "direccion",
            "comment": "",
            "dataType": "VARCHAR",
            "default": "",
            "option": {
              "autoIncrement": false,
              "primaryKey": false,
              "unique": false,
              "notNull": true
            },
            "ui": {
              "active": false,
              "pk": false,
              "fk": false,
              "pfk": false,
              "widthName": 60,
              "widthComment": 60,
              "widthDataType": 60,
              "widthDefault": 60
            },
            "id": "aba90280-bf20-19f4-3e91-dc249198d7dc"
          },
          {
            "name": "telefono",
            "comment": "",
            "dataType": "INT",
            "default": "",
            "option": {
              "autoIncrement": false,
              "primaryKey": false,
              "unique": false,
              "notNull": true
            },
            "ui": {
              "active": false,
              "pk": false,
              "fk": false,
              "pfk": false,
              "widthName": 60,
              "widthComment": 60,
              "widthDataType": 60,
              "widthDefault": 60
            },
            "id": "7548e803-8fe6-f1dc-b630-499a6326a0e5"
          }
        ],
        "ui": {
          "active": false,
          "left": 1388,
          "top": 165,
          "zIndex": 386,
          "widthName": 76,
          "widthComment": 60
        },
        "id": "fbe594bc-b39e-60ac-568e-7524b355ef06"
      },
      {
        "name": "Proveedores-Secciones",
        "comment": "",
        "columns": [
          {
            "name": "id_Proveedor",
            "comment": "",
            "dataType": "INT",
            "default": "",
            "option": {
              "autoIncrement": false,
              "primaryKey": true,
              "unique": false,
              "notNull": true
            },
            "ui": {
              "active": false,
              "pk": false,
              "fk": false,
              "pfk": true,
              "widthName": 82,
              "widthComment": 60,
              "widthDataType": 60,
              "widthDefault": 60
            },
            "id": "63fb98ca-1bcc-6a8d-30df-f54698028554"
          },
          {
            "name": "id_Seccion",
            "comment": "",
            "dataType": "INT",
            "default": "",
            "option": {
              "autoIncrement": false,
              "primaryKey": true,
              "unique": false,
              "notNull": true
            },
            "ui": {
              "active": false,
              "pk": false,
              "fk": false,
              "pfk": true,
              "widthName": 65,
              "widthComment": 60,
              "widthDataType": 60,
              "widthDefault": 60
            },
            "id": "7490630c-4161-ace7-9d8e-ccb1487793e2"
          }
        ],
        "ui": {
          "active": false,
          "left": 1388,
          "top": 432,
          "zIndex": 472,
          "widthName": 140,
          "widthComment": 60
        },
        "id": "43c89f27-d5d9-db04-87a6-a56eca2f24dd"
      },
      {
        "name": "Clientes",
        "comment": "",
        "columns": [
          {
            "name": "id_Cliente",
            "comment": "",
            "dataType": "INT",
            "default": "",
            "option": {
              "autoIncrement": true,
              "primaryKey": true,
              "unique": true,
              "notNull": true
            },
            "ui": {
              "active": false,
              "pk": true,
              "fk": false,
              "pfk": false,
              "widthName": 61,
              "widthComment": 60,
              "widthDataType": 60,
              "widthDefault": 60
            },
            "id": "3bd613ed-a776-0a86-06ad-60dbcffa3baf"
          },
          {
            "name": "nombre",
            "comment": "",
            "dataType": "VARCHAR(20)",
            "default": "",
            "option": {
              "autoIncrement": false,
              "primaryKey": false,
              "unique": false,
              "notNull": false
            },
            "ui": {
              "active": false,
              "pk": false,
              "fk": false,
              "pfk": false,
              "widthName": 60,
              "widthComment": 60,
              "widthDataType": 83,
              "widthDefault": 60
            },
            "id": "bea214c3-11fb-aec8-6a37-bace83f0922e"
          },
          {
            "name": "apellido1",
            "comment": "",
            "dataType": "VARCHAR(20)",
            "default": "",
            "option": {
              "autoIncrement": false,
              "primaryKey": false,
              "unique": false,
              "notNull": false
            },
            "ui": {
              "active": false,
              "pk": false,
              "fk": false,
              "pfk": false,
              "widthName": 60,
              "widthComment": 60,
              "widthDataType": 83,
              "widthDefault": 60
            },
            "id": "3d869376-cba9-fa29-839f-dfc0ecd0f74d"
          },
          {
            "name": "apellido2",
            "comment": "",
            "dataType": "VARCHAR(20)",
            "default": "",
            "option": {
              "autoIncrement": false,
              "primaryKey": false,
              "unique": false,
              "notNull": false
            },
            "ui": {
              "active": false,
              "pk": false,
              "fk": false,
              "pfk": false,
              "widthName": 60,
              "widthComment": 60,
              "widthDataType": 83,
              "widthDefault": 60
            },
            "id": "75169bb4-c606-b2f7-3a77-0ff2b1e32779"
          },
          {
            "name": "telefono",
            "comment": "",
            "dataType": "INT",
            "default": "",
            "option": {
              "autoIncrement": false,
              "primaryKey": false,
              "unique": false,
              "notNull": false
            },
            "ui": {
              "active": false,
              "pk": false,
              "fk": false,
              "pfk": false,
              "widthName": 60,
              "widthComment": 60,
              "widthDataType": 60,
              "widthDefault": 60
            },
            "id": "8f33af0b-694b-7f56-8c5f-3047484c725a"
          },
          {
            "name": "cod_Postal",
            "comment": "",
            "dataType": "INT",
            "default": "",
            "option": {
              "autoIncrement": false,
              "primaryKey": false,
              "unique": false,
              "notNull": false
            },
            "ui": {
              "active": false,
              "pk": false,
              "fk": false,
              "pfk": false,
              "widthName": 67,
              "widthComment": 60,
              "widthDataType": 60,
              "widthDefault": 60
            },
            "id": "615b0d53-858f-f7ce-8d14-5997db2a77f4"
          },
          {
            "name": "fecha_Nacimiento",
            "comment": "",
            "dataType": "DATE",
            "default": "",
            "option": {
              "autoIncrement": false,
              "primaryKey": false,
              "unique": false,
              "notNull": false
            },
            "ui": {
              "active": false,
              "pk": false,
              "fk": false,
              "pfk": false,
              "widthName": 111,
              "widthComment": 60,
              "widthDataType": 60,
              "widthDefault": 60
            },
            "id": "c3889e78-a761-af0a-1012-6041af402aee"
          },
          {
            "name": "edad",
            "comment": "",
            "dataType": "INT",
            "default": "",
            "option": {
              "autoIncrement": false,
              "primaryKey": false,
              "unique": false,
              "notNull": false
            },
            "ui": {
              "active": false,
              "pk": false,
              "fk": false,
              "pfk": false,
              "widthName": 60,
              "widthComment": 60,
              "widthDataType": 60,
              "widthDefault": 60
            },
            "id": "902803e8-6dce-bb42-6c7b-8d83c154946d"
          }
        ],
        "ui": {
          "active": false,
          "left": 254,
          "top": 150,
          "zIndex": 531,
          "widthName": 60,
          "widthComment": 60
        },
        "id": "808de6d6-9c61-8905-4450-ab7e3254fbda"
      },
      {
        "name": "Clientes_Supermercados",
        "comment": "",
        "columns": [
          {
            "name": "id_Cliente",
            "comment": "",
            "dataType": "INT",
            "default": "",
            "option": {
              "autoIncrement": false,
              "primaryKey": true,
              "unique": false,
              "notNull": true
            },
            "ui": {
              "active": false,
              "pk": false,
              "fk": false,
              "pfk": true,
              "widthName": 61,
              "widthComment": 60,
              "widthDataType": 60,
              "widthDefault": 60
            },
            "id": "4a992573-2a96-75a8-aba0-d7d2d9d34f0c"
          },
          {
            "name": "id_Supermercado",
            "comment": "",
            "dataType": "INT",
            "default": "",
            "option": {
              "autoIncrement": false,
              "primaryKey": true,
              "unique": false,
              "notNull": true
            },
            "ui": {
              "active": false,
              "pk": false,
              "fk": false,
              "pfk": true,
              "widthName": 109,
              "widthComment": 60,
              "widthDataType": 60,
              "widthDefault": 60
            },
            "id": "b214cbbb-f421-ac41-4925-92bbd88e1da5"
          }
        ],
        "ui": {
          "active": false,
          "left": 256,
          "top": 521,
          "zIndex": 392,
          "widthName": 148,
          "widthComment": 60
        },
        "id": "34053d5c-f8c0-881c-440e-49a3f745a2b6"
      }
    ],
    "indexes": []
  },
  "memo": {
    "memos": []
  },
  "relationship": {
    "relationships": [
      {
        "identification": false,
        "start": {
          "tableId": "d9a8675e-ea2f-abc5-e34d-a207e8e49f2a",
          "columnIds": [
            "8fa9c24f-24d0-3761-a0e0-65723d9e59fc"
          ],
          "x": 724,
          "y": 932,
          "direction": "right"
        },
        "end": {
          "tableId": "415f3495-7cb3-589d-8a6a-fb13d68fce22",
          "columnIds": [
            "1ac624c5-6d01-5495-6f38-56353ca13fe3"
          ],
          "x": 800.9999999999999,
          "y": 679.5,
          "direction": "left"
        },
        "id": "7a3bd629-135b-833c-258e-f6b3dcfce91b",
        "relationshipType": "OneN"
      },
      {
        "identification": false,
        "start": {
          "tableId": "415f3495-7cb3-589d-8a6a-fb13d68fce22",
          "columnIds": [
            "5080d1ca-c37b-b4a9-dd08-71f66c84460b"
          ],
          "x": 1250,
          "y": 522,
          "direction": "top"
        },
        "end": {
          "tableId": "415f3495-7cb3-589d-8a6a-fb13d68fce22",
          "columnIds": [
            "edf58920-047a-8f8b-0f06-e87f94e399eb"
          ],
          "x": 1270,
          "y": 600.75,
          "direction": "right"
        },
        "id": "afe8c0a8-ccc8-648b-9951-03608250ec80",
        "relationshipType": "OneN"
      },
      {
        "identification": true,
        "start": {
          "tableId": "fbe594bc-b39e-60ac-568e-7524b355ef06",
          "columnIds": [
            "275b6ea3-92ae-7780-f4ed-5008d5f89573"
          ],
          "x": 1596,
          "y": 336.5,
          "direction": "bottom"
        },
        "end": {
          "tableId": "43c89f27-d5d9-db04-87a6-a56eca2f24dd",
          "columnIds": [
            "63fb98ca-1bcc-6a8d-30df-f54698028554"
          ],
          "x": 1596,
          "y": 432,
          "direction": "top"
        },
        "id": "14eb6a4c-3068-fbeb-f158-32bbde8e39d8",
        "relationshipType": "OneN"
      },
      {
        "identification": true,
        "start": {
          "tableId": "bba6b90d-9992-08c3-0121-ee8730bfb472",
          "columnIds": [
            "b7b5cdd3-7a3b-443a-381b-b6eacd5d9fa2"
          ],
          "x": 1607,
          "y": 668,
          "direction": "top"
        },
        "end": {
          "tableId": "43c89f27-d5d9-db04-87a6-a56eca2f24dd",
          "columnIds": [
            "7490630c-4161-ace7-9d8e-ccb1487793e2"
          ],
          "x": 1596,
          "y": 542,
          "direction": "bottom"
        },
        "id": "cda975be-ceac-b545-eade-2c3c85f81fee",
        "relationshipType": "OneN"
      },
      {
        "identification": true,
        "start": {
          "tableId": "808de6d6-9c61-8905-4450-ab7e3254fbda",
          "columnIds": [
            "3bd613ed-a776-0a86-06ad-60dbcffa3baf"
          ],
          "x": 488,
          "y": 383,
          "direction": "bottom"
        },
        "end": {
          "tableId": "34053d5c-f8c0-881c-440e-49a3f745a2b6",
          "columnIds": [
            "4a992573-2a96-75a8-aba0-d7d2d9d34f0c"
          ],
          "x": 477.5,
          "y": 521,
          "direction": "top"
        },
        "id": "126079ad-22d9-9af3-4932-092a9c6a6662",
        "relationshipType": "OneN"
      },
      {
        "identification": true,
        "start": {
          "tableId": "d9a8675e-ea2f-abc5-e34d-a207e8e49f2a",
          "columnIds": [
            "8fa9c24f-24d0-3761-a0e0-65723d9e59fc"
          ],
          "x": 488,
          "y": 836,
          "direction": "top"
        },
        "end": {
          "tableId": "34053d5c-f8c0-881c-440e-49a3f745a2b6",
          "columnIds": [
            "b214cbbb-f421-ac41-4925-92bbd88e1da5"
          ],
          "x": 477.5,
          "y": 631,
          "direction": "bottom"
        },
        "id": "2bbcbc13-9b96-55da-9543-19a1d21d1fa7",
        "relationshipType": "OneN"
      },
      {
        "identification": false,
        "start": {
          "tableId": "bba6b90d-9992-08c3-0121-ee8730bfb472",
          "columnIds": [
            "b7b5cdd3-7a3b-443a-381b-b6eacd5d9fa2"
          ],
          "x": 1384,
          "y": 733.25,
          "direction": "left"
        },
        "end": {
          "tableId": "415f3495-7cb3-589d-8a6a-fb13d68fce22",
          "columnIds": [
            "047e7f7d-bc4a-febf-1b37-e8445a9763f9"
          ],
          "x": 1270,
          "y": 758.25,
          "direction": "right"
        },
        "id": "0e454f4e-8e3b-47be-6ce7-1771ad2c9641",
        "relationshipType": "OneN"
      }
    ]
  }
}