{
  "canvas": {
    "width": 2000,
    "height": 2000,
    "scrollTop": 447.4999694824219,
    "scrollLeft": 0,
    "show": {
      "tableComment": true,
      "columnComment": true,
      "columnDataType": true,
      "columnDefault": true,
      "columnAutoIncrement": true,
      "columnPrimaryKey": true,
      "columnUnique": true,
      "columnNotNull": true,
      "relationship": true
    },
    "database": "MySQL",
    "databaseName": "DIETAS_GANADERAS",
    "canvasType": "SQL",
    "language": "GraphQL",
    "tableCase": "pascalCase",
    "columnCase": "camelCase",
    "setting": {
      "relationshipDataTypeSync": true,
      "columnOrder": [
        "columnName",
        "columnDataType",
        "columnNotNull",
        "columnUnique",
        "columnAutoIncrement",
        "columnDefault",
        "columnComment"
      ]
    }
  },
  "table": {
    "tables": [
      {
        "name": "Dietas",
        "comment": "",
        "columns": [
          {
            "name": "id_Dieta",
            "comment": "",
            "dataType": "INT",
            "default": "",
            "option": {
              "autoIncrement": true,
              "primaryKey": true,
              "unique": true,
              "notNull": true
            },
            "ui": {
              "active": false,
              "pk": true,
              "fk": false,
              "pfk": false,
              "widthName": 60,
              "widthComment": 60,
              "widthDataType": 60,
              "widthDefault": 60
            },
            "id": "5cf0b2c2-29cd-2ec6-adcf-8314e50c6145"
          },
          {
            "name": "nombre",
            "comment": "",
            "dataType": "VARCHAR",
            "default": "",
            "option": {
              "autoIncrement": false,
              "primaryKey": false,
              "unique": false,
              "notNull": true
            },
            "ui": {
              "active": false,
              "pk": false,
              "fk": false,
              "pfk": false,
              "widthName": 60,
              "widthComment": 60,
              "widthDataType": 65,
              "widthDefault": 60
            },
            "id": "aaa50521-0cb8-41e5-bb64-08a48b482843"
          },
          {
            "name": "finalidad",
            "comment": "",
            "dataType": "VARCHAR",
            "default": "",
            "option": {
              "autoIncrement": false,
              "primaryKey": false,
              "unique": false,
              "notNull": true
            },
            "ui": {
              "active": false,
              "pk": false,
              "fk": false,
              "pfk": false,
              "widthName": 60,
              "widthComment": 60,
              "widthDataType": 65,
              "widthDefault": 60
            },
            "id": "3698c544-5b0e-1882-5e69-319912532271"
          },
          {
            "name": "observaciones",
            "comment": "",
            "dataType": "VARCHAR",
            "default": "",
            "option": {
              "autoIncrement": false,
              "primaryKey": false,
              "unique": false,
              "notNull": false
            },
            "ui": {
              "active": false,
              "pk": false,
              "fk": false,
              "pfk": false,
              "widthName": 86,
              "widthComment": 60,
              "widthDataType": 65,
              "widthDefault": 60
            },
            "id": "0bc25a26-2edc-53ba-6aa0-f5c18fc0f29c"
          }
        ],
        "ui": {
          "active": false,
          "left": 101,
          "top": 555,
          "zIndex": 301,
          "widthName": 60,
          "widthComment": 60
        },
        "id": "1ef9ead8-f4b9-84de-5dc8-549c27b96adf"
      },
      {
        "name": "Animales",
        "comment": "",
        "columns": [
          {
            "name": "id_Animal",
            "comment": "",
            "dataType": "INT",
            "default": "",
            "option": {
              "autoIncrement": true,
              "primaryKey": true,
              "unique": true,
              "notNull": true
            },
            "ui": {
              "active": false,
              "pk": true,
              "fk": false,
              "pfk": false,
              "widthName": 60,
              "widthComment": 60,
              "widthDataType": 60,
              "widthDefault": 60
            },
            "id": "7a968eb1-d3d9-75ce-49c2-0033d0be9d28"
          },
          {
            "name": "tipo",
            "comment": "",
            "dataType": "VARCHAR",
            "default": "",
            "option": {
              "autoIncrement": false,
              "primaryKey": false,
              "unique": false,
              "notNull": true
            },
            "ui": {
              "active": false,
              "pk": false,
              "fk": false,
              "pfk": false,
              "widthName": 60,
              "widthComment": 60,
              "widthDataType": 65,
              "widthDefault": 60
            },
            "id": "f698a330-f349-e345-98ac-d0e041639265"
          },
          {
            "name": "peso",
            "comment": "",
            "dataType": "INT",
            "default": "",
            "option": {
              "autoIncrement": false,
              "primaryKey": false,
              "unique": false,
              "notNull": true
            },
            "ui": {
              "active": false,
              "pk": false,
              "fk": false,
              "pfk": false,
              "widthName": 60,
              "widthComment": 60,
              "widthDataType": 60,
              "widthDefault": 60
            },
            "id": "a2029b72-58bc-cc83-3bf5-61953535af77"
          },
          {
            "name": "ano_Nacimiento",
            "comment": "",
            "dataType": "INT",
            "default": "",
            "option": {
              "autoIncrement": false,
              "primaryKey": false,
              "unique": false,
              "notNull": true
            },
            "ui": {
              "active": false,
              "pk": false,
              "fk": false,
              "pfk": false,
              "widthName": 96,
              "widthComment": 60,
              "widthDataType": 60,
              "widthDefault": 60
            },
            "id": "a5d54ff2-d870-e367-3878-f3e2a6b67237"
          },
          {
            "name": "utilidad",
            "comment": "",
            "dataType": "VARCHAR",
            "default": "",
            "option": {
              "autoIncrement": false,
              "primaryKey": false,
              "unique": false,
              "notNull": true
            },
            "ui": {
              "active": false,
              "pk": false,
              "fk": false,
              "pfk": false,
              "widthName": 60,
              "widthComment": 60,
              "widthDataType": 65,
              "widthDefault": 60
            },
            "id": "788fe0f9-d602-176c-15ec-60597347ab04"
          },
          {
            "name": "otros_Datos",
            "comment": "",
            "dataType": "VARCHAR",
            "default": "",
            "option": {
              "autoIncrement": false,
              "primaryKey": false,
              "unique": false,
              "notNull": false
            },
            "ui": {
              "active": false,
              "pk": false,
              "fk": false,
              "pfk": false,
              "widthName": 72,
              "widthComment": 60,
              "widthDataType": 65,
              "widthDefault": 60
            },
            "id": "12c9338f-169a-6de9-7e31-c5be9495da40"
          }
        ],
        "ui": {
          "active": false,
          "left": 608.1944488871974,
          "top": 283.7222158754319,
          "zIndex": 311,
          "widthName": 60,
          "widthComment": 60
        },
        "id": "b61b7d8c-680d-7396-846d-6e52b3ac90e8"
      },
      {
        "name": "Registros_Dietas",
        "comment": "",
        "columns": [
          {
            "name": "id_Registro",
            "comment": "",
            "dataType": "INT",
            "default": "",
            "option": {
              "autoIncrement": true,
              "primaryKey": true,
              "unique": true,
              "notNull": true
            },
            "ui": {
              "active": false,
              "pk": true,
              "fk": false,
              "pfk": false,
              "widthName": 68,
              "widthComment": 60,
              "widthDataType": 60,
              "widthDefault": 60
            },
            "id": "e04c2d47-a4bb-132d-d675-3129c9f02f3b"
          },
          {
            "name": "id_Animal",
            "comment": "",
            "dataType": "INT",
            "default": "",
            "option": {
              "autoIncrement": false,
              "primaryKey": false,
              "unique": false,
              "notNull": true
            },
            "ui": {
              "active": false,
              "pk": false,
              "fk": true,
              "pfk": false,
              "widthName": 60,
              "widthComment": 60,
              "widthDataType": 60,
              "widthDefault": 60
            },
            "id": "91e78b72-8ebc-6e28-ff83-3042919c2c52"
          },
          {
            "name": "id_Dieta",
            "comment": "",
            "dataType": "INT",
            "default": "",
            "option": {
              "autoIncrement": false,
              "primaryKey": false,
              "unique": false,
              "notNull": true
            },
            "ui": {
              "active": false,
              "pk": false,
              "fk": true,
              "pfk": false,
              "widthName": 60,
              "widthComment": 60,
              "widthDataType": 60,
              "widthDefault": 60
            },
            "id": "476f5481-b1d5-4756-5028-0eca6a4d33d7"
          },
          {
            "name": "fecha_Inicio",
            "comment": "",
            "dataType": "DATE",
            "default": "now()",
            "option": {
              "autoIncrement": false,
              "primaryKey": false,
              "unique": false,
              "notNull": true
            },
            "ui": {
              "active": false,
              "pk": false,
              "fk": false,
              "pfk": false,
              "widthName": 71,
              "widthComment": 60,
              "widthDataType": 60,
              "widthDefault": 60
            },
            "id": "f22db57b-fd5d-276f-1525-40898d4fdf33"
          },
          {
            "name": "fecha_Fin",
            "comment": "",
            "dataType": "DATE",
            "default": "",
            "option": {
              "autoIncrement": false,
              "primaryKey": false,
              "unique": false,
              "notNull": false
            },
            "ui": {
              "active": false,
              "pk": false,
              "fk": false,
              "pfk": false,
              "widthName": 60,
              "widthComment": 60,
              "widthDataType": 60,
              "widthDefault": 60
            },
            "id": "16f0a8cb-932e-4a3c-6dd0-3298549f506b"
          }
        ],
        "ui": {
          "active": false,
          "left": 111.08333325054909,
          "top": 294.0833322571385,
          "zIndex": 310,
          "widthName": 101,
          "widthComment": 60
        },
        "id": "ce5f8dfa-82aa-6384-ba79-26bcc87b8a91"
      },
      {
        "name": "Alimentos",
        "comment": "",
        "columns": [
          {
            "name": "id_Alimento",
            "comment": "",
            "dataType": "INT",
            "default": "",
            "option": {
              "autoIncrement": true,
              "primaryKey": true,
              "unique": true,
              "notNull": true
            },
            "ui": {
              "active": false,
              "pk": true,
              "fk": false,
              "pfk": false,
              "widthName": 70,
              "widthComment": 60,
              "widthDataType": 60,
              "widthDefault": 60
            },
            "id": "3fe04635-b75f-64ae-a469-75449010c7fe"
          },
          {
            "name": "nombre",
            "comment": "",
            "dataType": "VARCHAR",
            "default": "",
            "option": {
              "autoIncrement": false,
              "primaryKey": false,
              "unique": false,
              "notNull": true
            },
            "ui": {
              "active": false,
              "pk": false,
              "fk": false,
              "pfk": false,
              "widthName": 60,
              "widthComment": 60,
              "widthDataType": 65,
              "widthDefault": 60
            },
            "id": "72018961-d6ba-6ceb-4559-84a286833d90"
          },
          {
            "name": "tipo",
            "comment": "",
            "dataType": "VARCHAR",
            "default": "",
            "option": {
              "autoIncrement": false,
              "primaryKey": false,
              "unique": false,
              "notNull": true
            },
            "ui": {
              "active": false,
              "pk": false,
              "fk": false,
              "pfk": false,
              "widthName": 60,
              "widthComment": 60,
              "widthDataType": 65,
              "widthDefault": 60
            },
            "id": "5825c927-f6e3-7f99-7c3b-6bdc4f6e0abc"
          },
          {
            "name": "cantidad",
            "comment": "",
            "dataType": "INT",
            "default": "",
            "option": {
              "autoIncrement": false,
              "primaryKey": false,
              "unique": false,
              "notNull": true
            },
            "ui": {
              "active": false,
              "pk": false,
              "fk": false,
              "pfk": false,
              "widthName": 60,
              "widthComment": 60,
              "widthDataType": 60,
              "widthDefault": 60
            },
            "id": "d7e77bf0-67d6-6ca0-9389-e1b32e76cce4"
          },
          {
            "name": "coste",
            "comment": "",
            "dataType": "FLOAT",
            "default": "",
            "option": {
              "autoIncrement": false,
              "primaryKey": false,
              "unique": false,
              "notNull": true
            },
            "ui": {
              "active": false,
              "pk": false,
              "fk": false,
              "pfk": false,
              "widthName": 60,
              "widthComment": 60,
              "widthDataType": 60,
              "widthDefault": 60
            },
            "id": "2301f82e-f199-c77c-b5ae-4252e9252679"
          }
        ],
        "ui": {
          "active": false,
          "left": 657.9722434425787,
          "top": 779.4166563186382,
          "zIndex": 312,
          "widthName": 60,
          "widthComment": 60
        },
        "id": "cfcf5e01-2c13-5045-11cb-665f1850037d"
      },
      {
        "name": "Dietas-Alimentos",
        "comment": "",
        "columns": [
          {
            "name": "id_Dieta",
            "comment": "",
            "dataType": "INT",
            "default": "",
            "option": {
              "autoIncrement": false,
              "primaryKey": true,
              "unique": false,
              "notNull": true
            },
            "ui": {
              "active": false,
              "pk": false,
              "fk": false,
              "pfk": true,
              "widthName": 60,
              "widthComment": 60,
              "widthDataType": 60,
              "widthDefault": 60
            },
            "id": "f95171c4-0ca3-7caf-0ac9-5272c51a78fc"
          },
          {
            "name": "id_Alimento",
            "comment": "",
            "dataType": "INT",
            "default": "",
            "option": {
              "autoIncrement": false,
              "primaryKey": true,
              "unique": false,
              "notNull": true
            },
            "ui": {
              "active": false,
              "pk": false,
              "fk": false,
              "pfk": true,
              "widthName": 70,
              "widthComment": 60,
              "widthDataType": 60,
              "widthDefault": 60
            },
            "id": "fc7267a3-5b87-b41a-2301-d9c6e5034bb6"
          }
        ],
        "ui": {
          "active": false,
          "left": 661,
          "top": 574,
          "zIndex": 283,
          "widthName": 100,
          "widthComment": 60
        },
        "id": "8915b639-be01-e79d-c87a-e31608a359c7"
      },
      {
        "name": "Nutrientes",
        "comment": "",
        "columns": [
          {
            "name": "id_Nutriente",
            "comment": "",
            "dataType": "INT",
            "default": "",
            "option": {
              "autoIncrement": true,
              "primaryKey": true,
              "unique": true,
              "notNull": true
            },
            "ui": {
              "active": false,
              "pk": true,
              "fk": false,
              "pfk": false,
              "widthName": 72,
              "widthComment": 60,
              "widthDataType": 60,
              "widthDefault": 60
            },
            "id": "f931b783-c497-2e73-3a5e-60953b96993d"
          },
          {
            "name": "nombre",
            "comment": "",
            "dataType": "VARCHAR",
            "default": "",
            "option": {
              "autoIncrement": false,
              "primaryKey": false,
              "unique": false,
              "notNull": true
            },
            "ui": {
              "active": false,
              "pk": false,
              "fk": false,
              "pfk": false,
              "widthName": 60,
              "widthComment": 60,
              "widthDataType": 65,
              "widthDefault": 60
            },
            "id": "e536d5c6-9d3a-e956-b162-7cc313b39d7f"
          },
          {
            "name": "cantidad",
            "comment": "",
            "dataType": "INT",
            "default": "",
            "option": {
              "autoIncrement": false,
              "primaryKey": false,
              "unique": false,
              "notNull": true
            },
            "ui": {
              "active": false,
              "pk": false,
              "fk": false,
              "pfk": false,
              "widthName": 60,
              "widthComment": 60,
              "widthDataType": 60,
              "widthDefault": 60
            },
            "id": "5a4b66b2-9ff7-ac00-5458-ef417b57a97e"
          },
          {
            "name": "estado",
            "comment": "",
            "dataType": "VARCHAR",
            "default": "",
            "option": {
              "autoIncrement": false,
              "primaryKey": false,
              "unique": false,
              "notNull": true
            },
            "ui": {
              "active": false,
              "pk": false,
              "fk": false,
              "pfk": false,
              "widthName": 60,
              "widthComment": 60,
              "widthDataType": 65,
              "widthDefault": 60
            },
            "id": "448df849-8246-95f4-d450-5e8730100a03"
          },
          {
            "name": "otros_Datos",
            "comment": "",
            "dataType": "VARCHAR",
            "default": "",
            "option": {
              "autoIncrement": false,
              "primaryKey": false,
              "unique": false,
              "notNull": false
            },
            "ui": {
              "active": false,
              "pk": false,
              "fk": false,
              "pfk": false,
              "widthName": 72,
              "widthComment": 60,
              "widthDataType": 60,
              "widthDefault": 60
            },
            "id": "47e186fc-8f0d-ee0e-3f85-5c004c7d2114"
          }
        ],
        "ui": {
          "active": true,
          "left": 99.77779952243436,
          "top": 778.7500062088167,
          "zIndex": 317,
          "widthName": 61,
          "widthComment": 60
        },
        "id": "1a1101b6-7904-76d1-281f-d3b2d02f490b"
      },
      {
        "name": "Alimentos-Nutrientes",
        "comment": "",
        "columns": [
          {
            "name": "id_Alimento",
            "comment": "",
            "dataType": "INT",
            "default": "",
            "option": {
              "autoIncrement": false,
              "primaryKey": true,
              "unique": false,
              "notNull": true
            },
            "ui": {
              "active": false,
              "pk": false,
              "fk": false,
              "pfk": true,
              "widthName": 70,
              "widthComment": 60,
              "widthDataType": 60,
              "widthDefault": 60
            },
            "id": "6a26e3b2-fdc6-17b1-8f40-5778fc508b35"
          },
          {
            "name": "id_Nutriente",
            "comment": "",
            "dataType": "INT",
            "default": "",
            "option": {
              "autoIncrement": false,
              "primaryKey": true,
              "unique": false,
              "notNull": true
            },
            "ui": {
              "active": false,
              "pk": false,
              "fk": false,
              "pfk": true,
              "widthName": 72,
              "widthComment": 60,
              "widthDataType": 60,
              "widthDefault": 60
            },
            "id": "71ec64d2-d0ff-43a5-d6bf-07eb28274479"
          }
        ],
        "ui": {
          "active": false,
          "left": 378.33336578474973,
          "top": 1008.3611094278318,
          "zIndex": 314,
          "widthName": 123,
          "widthComment": 60
        },
        "id": "e1507709-d1f3-2a9d-4c2a-62162002611c"
      }
    ],
    "indexes": []
  },
  "memo": {
    "memos": []
  },
  "relationship": {
    "relationships": [
      {
        "identification": false,
        "start": {
          "tableId": "b61b7d8c-680d-7396-846d-6e52b3ac90e8",
          "columnIds": [
            "7a968eb1-d3d9-75ce-49c2-0033d0be9d28"
          ],
          "x": 608.1944488871974,
          "y": 379.7222158754319,
          "direction": "left"
        },
        "end": {
          "tableId": "ce5f8dfa-82aa-6384-ba79-26bcc87b8a91",
          "columnIds": [
            "91e78b72-8ebc-6e28-ff83-3042919c2c52"
          ],
          "x": 516.0833332505491,
          "y": 379.8333322571385,
          "direction": "right"
        },
        "id": "78f0f819-d799-c9fa-c385-5338b3cddc13",
        "relationshipType": "OneN"
      },
      {
        "identification": false,
        "start": {
          "tableId": "1ef9ead8-f4b9-84de-5dc8-549c27b96adf",
          "columnIds": [
            "5cf0b2c2-29cd-2ec6-adcf-8314e50c6145"
          ],
          "x": 313.5,
          "y": 555,
          "direction": "top"
        },
        "end": {
          "tableId": "ce5f8dfa-82aa-6384-ba79-26bcc87b8a91",
          "columnIds": [
            "476f5481-b1d5-4756-5028-0eca6a4d33d7"
          ],
          "x": 313.5833332505491,
          "y": 465.5833322571385,
          "direction": "bottom"
        },
        "id": "757e84e2-f72d-62a9-30d5-5726ef672fc6",
        "relationshipType": "OneN"
      },
      {
        "identification": true,
        "start": {
          "tableId": "cfcf5e01-2c13-5045-11cb-665f1850037d",
          "columnIds": [
            "3fe04635-b75f-64ae-a469-75449010c7fe"
          ],
          "x": 862.4722434425787,
          "y": 779.4166563186382,
          "direction": "top"
        },
        "end": {
          "tableId": "8915b639-be01-e79d-c87a-e31608a359c7",
          "columnIds": [
            "fc7267a3-5b87-b41a-2301-d9c6e5034bb6"
          ],
          "x": 863,
          "y": 684,
          "direction": "bottom"
        },
        "id": "8a8689ff-8567-48b1-304c-b0d6d73ab039",
        "relationshipType": "OneN"
      },
      {
        "identification": true,
        "start": {
          "tableId": "1ef9ead8-f4b9-84de-5dc8-549c27b96adf",
          "columnIds": [
            "5cf0b2c2-29cd-2ec6-adcf-8314e50c6145"
          ],
          "x": 526,
          "y": 630.5,
          "direction": "right"
        },
        "end": {
          "tableId": "8915b639-be01-e79d-c87a-e31608a359c7",
          "columnIds": [
            "f95171c4-0ca3-7caf-0ac9-5272c51a78fc"
          ],
          "x": 661,
          "y": 629,
          "direction": "left"
        },
        "id": "74f17b2d-f0dd-90da-d742-08ac3e12d034",
        "relationshipType": "OneN"
      },
      {
        "identification": true,
        "start": {
          "tableId": "cfcf5e01-2c13-5045-11cb-665f1850037d",
          "columnIds": [
            "3fe04635-b75f-64ae-a469-75449010c7fe"
          ],
          "x": 862.4722434425787,
          "y": 950.9166563186382,
          "direction": "bottom"
        },
        "end": {
          "tableId": "e1507709-d1f3-2a9d-4c2a-62162002611c",
          "columnIds": [
            "6a26e3b2-fdc6-17b1-8f40-5778fc508b35"
          ],
          "x": 784.3333657847497,
          "y": 1063.3611094278317,
          "direction": "right"
        },
        "id": "fd7f9431-5dee-1148-f34d-4424b7ef2d24",
        "relationshipType": "OneN"
      },
      {
        "identification": true,
        "start": {
          "tableId": "1a1101b6-7904-76d1-281f-d3b2d02f490b",
          "columnIds": [
            "f931b783-c497-2e73-3a5e-60953b96993d"
          ],
          "x": 305.27779952243435,
          "y": 950.2500062088167,
          "direction": "bottom"
        },
        "end": {
          "tableId": "e1507709-d1f3-2a9d-4c2a-62162002611c",
          "columnIds": [
            "71ec64d2-d0ff-43a5-d6bf-07eb28274479"
          ],
          "x": 378.33336578474973,
          "y": 1063.3611094278317,
          "direction": "left"
        },
        "id": "55c2e3fc-03f0-8e74-cc6a-56032d39ec15",
        "relationshipType": "OneN"
      }
    ]
  }
}