{
  "canvas": {
    "width": 2000,
    "height": 2000,
    "scrollTop": 58,
    "scrollLeft": 369,
    "show": {
      "tableComment": true,
      "columnComment": true,
      "columnDataType": true,
      "columnDefault": true,
      "columnAutoIncrement": true,
      "columnPrimaryKey": true,
      "columnUnique": true,
      "columnNotNull": true,
      "relationship": true
    },
    "database": "MySQL",
    "databaseName": "PESCA_DEPORTIVA",
    "canvasType": "ERD",
    "language": "GraphQL",
    "tableCase": "pascalCase",
    "columnCase": "camelCase",
    "setting": {
      "relationshipDataTypeSync": true,
      "columnOrder": [
        "columnName",
        "columnDataType",
        "columnNotNull",
        "columnUnique",
        "columnAutoIncrement",
        "columnDefault",
        "columnComment"
      ]
    }
  },
  "table": {
    "tables": [
      {
        "name": "Afiliados",
        "comment": "",
        "columns": [
          {
            "name": "id_Afiliado",
            "comment": "",
            "dataType": "INT",
            "default": "",
            "option": {
              "autoIncrement": true,
              "primaryKey": true,
              "unique": true,
              "notNull": true
            },
            "ui": {
              "active": false,
              "pk": true,
              "fk": false,
              "pfk": false,
              "widthName": 62,
              "widthComment": 60,
              "widthDataType": 60,
              "widthDefault": 60
            },
            "id": "03616559-de52-ea6d-e086-d8d3cededaf4"
          },
          {
            "name": "nombre",
            "comment": "",
            "dataType": "VARCHAR",
            "default": "",
            "option": {
              "autoIncrement": false,
              "primaryKey": false,
              "unique": false,
              "notNull": true
            },
            "ui": {
              "active": false,
              "pk": false,
              "fk": false,
              "pfk": false,
              "widthName": 60,
              "widthComment": 60,
              "widthDataType": 65,
              "widthDefault": 60
            },
            "id": "a21c534c-a32c-4c08-6a50-0f04a30a27c4"
          },
          {
            "name": "apellido1",
            "comment": "",
            "dataType": "VARCHAR",
            "default": "",
            "option": {
              "autoIncrement": false,
              "primaryKey": false,
              "unique": false,
              "notNull": true
            },
            "ui": {
              "active": false,
              "pk": false,
              "fk": false,
              "pfk": false,
              "widthName": 60,
              "widthComment": 60,
              "widthDataType": 65,
              "widthDefault": 60
            },
            "id": "d7da6d7c-ac32-d571-48ed-331183ad379f"
          },
          {
            "name": "apellido2",
            "comment": "",
            "dataType": "VARCHAR",
            "default": "",
            "option": {
              "autoIncrement": false,
              "primaryKey": false,
              "unique": false,
              "notNull": true
            },
            "ui": {
              "active": false,
              "pk": false,
              "fk": false,
              "pfk": false,
              "widthName": 60,
              "widthComment": 60,
              "widthDataType": 65,
              "widthDefault": 60
            },
            "id": "ce4a1421-4c76-4a95-c829-bbdf5bd22f03"
          },
          {
            "name": "domicilio",
            "comment": "",
            "dataType": "VARCHAR",
            "default": "",
            "option": {
              "autoIncrement": false,
              "primaryKey": false,
              "unique": false,
              "notNull": true
            },
            "ui": {
              "active": false,
              "pk": false,
              "fk": false,
              "pfk": false,
              "widthName": 60,
              "widthComment": 60,
              "widthDataType": 65,
              "widthDefault": 60
            },
            "id": "1e90ebe7-7488-58d4-a6cc-dbb738fa1aa2"
          },
          {
            "name": "localidad",
            "comment": "",
            "dataType": "VARCHAR",
            "default": "",
            "option": {
              "autoIncrement": false,
              "primaryKey": false,
              "unique": false,
              "notNull": true
            },
            "ui": {
              "active": false,
              "pk": false,
              "fk": false,
              "pfk": false,
              "widthName": 60,
              "widthComment": 60,
              "widthDataType": 65,
              "widthDefault": 60
            },
            "id": "18f9ed3a-1f1c-d0a4-d4ff-7b03337f5ac9"
          },
          {
            "name": "provincia",
            "comment": "",
            "dataType": "VARCHAR",
            "default": "",
            "option": {
              "autoIncrement": false,
              "primaryKey": false,
              "unique": false,
              "notNull": true
            },
            "ui": {
              "active": false,
              "pk": false,
              "fk": false,
              "pfk": false,
              "widthName": 60,
              "widthComment": 60,
              "widthDataType": 65,
              "widthDefault": 60
            },
            "id": "98895a2b-cfe7-9760-2117-db615b813039"
          },
          {
            "name": "movil",
            "comment": "",
            "dataType": "VARCHAR",
            "default": "",
            "option": {
              "autoIncrement": false,
              "primaryKey": false,
              "unique": false,
              "notNull": true
            },
            "ui": {
              "active": false,
              "pk": false,
              "fk": false,
              "pfk": false,
              "widthName": 60,
              "widthComment": 60,
              "widthDataType": 65,
              "widthDefault": 60
            },
            "id": "3dc7b09e-2666-a710-aebd-cbe425550ae5"
          },
          {
            "name": "fecha_Nacimiento",
            "comment": "",
            "dataType": "DATE",
            "default": "",
            "option": {
              "autoIncrement": false,
              "primaryKey": false,
              "unique": false,
              "notNull": true
            },
            "ui": {
              "active": false,
              "pk": false,
              "fk": false,
              "pfk": false,
              "widthName": 106,
              "widthComment": 60,
              "widthDataType": 60,
              "widthDefault": 60
            },
            "id": "b4b7933e-143f-9f69-3504-c4bf4fa903f1"
          },
          {
            "name": "licencia",
            "comment": "",
            "dataType": "VARCHAR",
            "default": "",
            "option": {
              "autoIncrement": true,
              "primaryKey": false,
              "unique": true,
              "notNull": true
            },
            "ui": {
              "active": false,
              "pk": false,
              "fk": false,
              "pfk": false,
              "widthName": 60,
              "widthComment": 60,
              "widthDataType": 65,
              "widthDefault": 60
            },
            "id": "78be054d-07c6-f12f-a37e-356f6dec1246"
          }
        ],
        "ui": {
          "active": false,
          "left": 672,
          "top": 115,
          "zIndex": 449,
          "widthName": 60,
          "widthComment": 60
        },
        "id": "557c95b7-09b7-abcd-a947-62e31a735693"
      },
      {
        "name": "Eventos",
        "comment": "",
        "columns": [
          {
            "name": "id_Evento",
            "comment": "",
            "dataType": "INT",
            "default": "",
            "option": {
              "autoIncrement": true,
              "primaryKey": true,
              "unique": true,
              "notNull": true
            },
            "ui": {
              "active": false,
              "pk": true,
              "fk": false,
              "pfk": false,
              "widthName": 60,
              "widthComment": 60,
              "widthDataType": 60,
              "widthDefault": 60
            },
            "id": "ed8ee216-6b24-b0be-c194-174b08565998"
          },
          {
            "name": "id_Lugar",
            "comment": "",
            "dataType": "INT",
            "default": "",
            "option": {
              "autoIncrement": false,
              "primaryKey": false,
              "unique": false,
              "notNull": false
            },
            "ui": {
              "active": false,
              "pk": false,
              "fk": true,
              "pfk": false,
              "widthName": 60,
              "widthComment": 60,
              "widthDataType": 60,
              "widthDefault": 60
            },
            "id": "091f93d8-d710-87f3-ab89-6ad708bdcc1e"
          },
          {
            "name": "nombre",
            "comment": "",
            "dataType": "VARCHAR",
            "default": "",
            "option": {
              "autoIncrement": false,
              "primaryKey": false,
              "unique": false,
              "notNull": true
            },
            "ui": {
              "active": false,
              "pk": false,
              "fk": false,
              "pfk": false,
              "widthName": 60,
              "widthComment": 60,
              "widthDataType": 65,
              "widthDefault": 60
            },
            "id": "0e07a4cc-9d05-6a1a-9541-e83587a46ca7"
          },
          {
            "name": "fecha",
            "comment": "",
            "dataType": "DATE",
            "default": "",
            "option": {
              "autoIncrement": false,
              "primaryKey": false,
              "unique": false,
              "notNull": true
            },
            "ui": {
              "active": false,
              "pk": false,
              "fk": false,
              "pfk": false,
              "widthName": 60,
              "widthComment": 60,
              "widthDataType": 60,
              "widthDefault": 60
            },
            "id": "ef4c541b-d580-6234-a032-dabdeb68a2bd"
          },
          {
            "name": "observaciones",
            "comment": "",
            "dataType": "VARCHAR",
            "default": "",
            "option": {
              "autoIncrement": false,
              "primaryKey": false,
              "unique": false,
              "notNull": true
            },
            "ui": {
              "active": false,
              "pk": false,
              "fk": false,
              "pfk": false,
              "widthName": 86,
              "widthComment": 60,
              "widthDataType": 65,
              "widthDefault": 60
            },
            "id": "a758aab2-a513-abff-dcb7-1346f2d05b18"
          }
        ],
        "ui": {
          "active": false,
          "left": 677,
          "top": 420,
          "zIndex": 503,
          "widthName": 60,
          "widthComment": 60
        },
        "id": "6116d787-3d1e-9711-bfcd-0aa55cd76a98"
      },
      {
        "name": "Participantes-Eventos",
        "comment": "",
        "columns": [
          {
            "name": "id_Afiliado",
            "comment": "",
            "dataType": "INT",
            "default": "",
            "option": {
              "autoIncrement": false,
              "primaryKey": true,
              "unique": true,
              "notNull": true
            },
            "ui": {
              "active": false,
              "pk": false,
              "fk": false,
              "pfk": true,
              "widthName": 62,
              "widthComment": 60,
              "widthDataType": 60,
              "widthDefault": 60
            },
            "id": "b4c35cd5-fc47-ed7c-5249-7a476a66d839"
          },
          {
            "name": "id_Evento",
            "comment": "",
            "dataType": "INT",
            "default": "",
            "option": {
              "autoIncrement": false,
              "primaryKey": true,
              "unique": true,
              "notNull": true
            },
            "ui": {
              "active": false,
              "pk": false,
              "fk": false,
              "pfk": true,
              "widthName": 60,
              "widthComment": 60,
              "widthDataType": 60,
              "widthDefault": 60
            },
            "id": "c6c0db07-488c-0beb-a630-61eba55c028b"
          }
        ],
        "ui": {
          "active": false,
          "left": 1370,
          "top": 497,
          "zIndex": 510,
          "widthName": 128,
          "widthComment": 60
        },
        "id": "ba1e4e10-c293-13c1-4c33-0bef5b76b2b1"
      },
      {
        "name": "Peces",
        "comment": "",
        "columns": [
          {
            "name": "nombre_Pez",
            "comment": "",
            "dataType": "VARCHAR",
            "default": "",
            "option": {
              "autoIncrement": false,
              "primaryKey": true,
              "unique": true,
              "notNull": true
            },
            "ui": {
              "active": false,
              "pk": true,
              "fk": false,
              "pfk": false,
              "widthName": 76,
              "widthComment": 60,
              "widthDataType": 65,
              "widthDefault": 60
            },
            "id": "84c9b896-52f1-4da6-94d1-1031cfde95e8"
          },
          {
            "name": "caracteristicas",
            "comment": "",
            "dataType": "VARCHAR",
            "default": "",
            "option": {
              "autoIncrement": false,
              "primaryKey": false,
              "unique": false,
              "notNull": false
            },
            "ui": {
              "active": false,
              "pk": false,
              "fk": false,
              "pfk": false,
              "widthName": 85,
              "widthComment": 60,
              "widthDataType": 65,
              "widthDefault": 60
            },
            "id": "78968e14-2e3e-1513-b138-0ccb7b7e2926"
          }
        ],
        "ui": {
          "active": false,
          "left": 692,
          "top": 1009,
          "zIndex": 500,
          "widthName": 60,
          "widthComment": 60
        },
        "id": "e774a772-6d98-f37c-ca53-ea46dc78b355"
      },
      {
        "name": "Lugares",
        "comment": "",
        "columns": [
          {
            "name": "id_Lugar",
            "comment": "",
            "dataType": "INT",
            "default": "",
            "option": {
              "autoIncrement": true,
              "primaryKey": true,
              "unique": true,
              "notNull": true
            },
            "ui": {
              "active": false,
              "pk": true,
              "fk": false,
              "pfk": false,
              "widthName": 60,
              "widthComment": 60,
              "widthDataType": 60,
              "widthDefault": 60
            },
            "id": "3746f070-2871-f7ff-a576-0bacc621bace"
          },
          {
            "name": "nombre",
            "comment": "",
            "dataType": "VARCHAR",
            "default": "",
            "option": {
              "autoIncrement": false,
              "primaryKey": false,
              "unique": false,
              "notNull": true
            },
            "ui": {
              "active": false,
              "pk": false,
              "fk": false,
              "pfk": false,
              "widthName": 60,
              "widthComment": 60,
              "widthDataType": 65,
              "widthDefault": 60
            },
            "id": "0ad5bfc2-0395-2d27-4821-339e178843ca"
          },
          {
            "name": "localidad",
            "comment": "",
            "dataType": "VARCHAR",
            "default": "",
            "option": {
              "autoIncrement": false,
              "primaryKey": false,
              "unique": false,
              "notNull": true
            },
            "ui": {
              "active": false,
              "pk": false,
              "fk": false,
              "pfk": false,
              "widthName": 60,
              "widthComment": 60,
              "widthDataType": 65,
              "widthDefault": 60
            },
            "id": "7c31af1a-aac1-bd27-4464-28d516e9a979"
          },
          {
            "name": "provincia",
            "comment": "",
            "dataType": "VARCHAR",
            "default": "",
            "option": {
              "autoIncrement": false,
              "primaryKey": false,
              "unique": false,
              "notNull": true
            },
            "ui": {
              "active": false,
              "pk": false,
              "fk": false,
              "pfk": false,
              "widthName": 60,
              "widthComment": 60,
              "widthDataType": 65,
              "widthDefault": 60
            },
            "id": "12370ead-dcaa-8355-d9c6-e077a4a963ca"
          },
          {
            "name": "talla_Minima",
            "comment": "",
            "dataType": "FLOAT",
            "default": "",
            "option": {
              "autoIncrement": false,
              "primaryKey": false,
              "unique": false,
              "notNull": false
            },
            "ui": {
              "active": false,
              "pk": false,
              "fk": false,
              "pfk": false,
              "widthName": 80,
              "widthComment": 60,
              "widthDataType": 60,
              "widthDefault": 60
            },
            "id": "4e9266e4-8720-876f-b708-0d837716ea88"
          },
          {
            "name": "numero_Maximo_Ejemplares",
            "comment": "",
            "dataType": "INT",
            "default": "",
            "option": {
              "autoIncrement": false,
              "primaryKey": false,
              "unique": false,
              "notNull": false
            },
            "ui": {
              "active": false,
              "pk": false,
              "fk": false,
              "pfk": false,
              "widthName": 179,
              "widthComment": 60,
              "widthDataType": 60,
              "widthDefault": 60
            },
            "id": "7ff174bf-a2fe-41ea-cb5f-d9733455c81e"
          },
          {
            "name": "coste",
            "comment": "",
            "dataType": "FLOAT",
            "default": "",
            "option": {
              "autoIncrement": false,
              "primaryKey": false,
              "unique": false,
              "notNull": true
            },
            "ui": {
              "active": false,
              "pk": false,
              "fk": false,
              "pfk": false,
              "widthName": 60,
              "widthComment": 60,
              "widthDataType": 60,
              "widthDefault": 60
            },
            "id": "0450f5d2-2eff-87c9-b3d3-a8f04dd7fb9b"
          },
          {
            "name": "licencia",
            "comment": "",
            "dataType": "VARCHAR",
            "default": "",
            "option": {
              "autoIncrement": false,
              "primaryKey": false,
              "unique": false,
              "notNull": true
            },
            "ui": {
              "active": false,
              "pk": false,
              "fk": false,
              "pfk": false,
              "widthName": 60,
              "widthComment": 60,
              "widthDataType": 60,
              "widthDefault": 60
            },
            "id": "8f8a9bdf-ff22-3d33-a2e4-485c26074dff"
          }
        ],
        "ui": {
          "active": false,
          "left": 631,
          "top": 696,
          "zIndex": 514,
          "widthName": 60,
          "widthComment": 60
        },
        "id": "58384642-e837-d8dc-7570-4ca51392402a"
      },
      {
        "name": "Lugares-Peces",
        "comment": "",
        "columns": [
          {
            "name": "nombre_Pez",
            "comment": "",
            "dataType": "VARCHAR",
            "default": "",
            "option": {
              "autoIncrement": false,
              "primaryKey": true,
              "unique": true,
              "notNull": true
            },
            "ui": {
              "active": false,
              "pk": false,
              "fk": false,
              "pfk": true,
              "widthName": 76,
              "widthComment": 60,
              "widthDataType": 65,
              "widthDefault": 60
            },
            "id": "416ae3a0-875d-5981-43bf-90034ad19831"
          },
          {
            "name": "id_Lugar",
            "comment": "",
            "dataType": "INT",
            "default": "",
            "option": {
              "autoIncrement": false,
              "primaryKey": true,
              "unique": true,
              "notNull": true
            },
            "ui": {
              "active": false,
              "pk": false,
              "fk": false,
              "pfk": true,
              "widthName": 60,
              "widthComment": 60,
              "widthDataType": 60,
              "widthDefault": 60
            },
            "id": "8906707a-05f9-8e84-b4fe-63f9b327a898"
          }
        ],
        "ui": {
          "active": false,
          "left": 1262,
          "top": 834,
          "zIndex": 476,
          "widthName": 89,
          "widthComment": 60
        },
        "id": "9d41b777-bfe6-6376-8555-7f9cddc90435"
      },
      {
        "name": "Capturas",
        "comment": "",
        "columns": [
          {
            "name": "id_Captura",
            "comment": "",
            "dataType": "INT",
            "default": "",
            "option": {
              "autoIncrement": true,
              "primaryKey": true,
              "unique": true,
              "notNull": true
            },
            "ui": {
              "active": false,
              "pk": true,
              "fk": false,
              "pfk": false,
              "widthName": 68,
              "widthComment": 60,
              "widthDataType": 60,
              "widthDefault": 60
            },
            "id": "30ab3f90-8468-047d-4196-7b7dfb7800b8"
          },
          {
            "name": "id_Afiliado",
            "comment": "",
            "dataType": "INT",
            "default": "",
            "option": {
              "autoIncrement": false,
              "primaryKey": false,
              "unique": false,
              "notNull": false
            },
            "ui": {
              "active": false,
              "pk": false,
              "fk": true,
              "pfk": false,
              "widthName": 62,
              "widthComment": 60,
              "widthDataType": 60,
              "widthDefault": 60
            },
            "id": "de32cb2b-efe5-204a-0758-87477f50b8f4"
          },
          {
            "name": "id_Evento",
            "comment": "",
            "dataType": "INT",
            "default": "",
            "option": {
              "autoIncrement": false,
              "primaryKey": false,
              "unique": false,
              "notNull": false
            },
            "ui": {
              "active": false,
              "pk": false,
              "fk": true,
              "pfk": false,
              "widthName": 60,
              "widthComment": 60,
              "widthDataType": 60,
              "widthDefault": 60
            },
            "id": "5b332398-abdb-07c4-ec29-0d0f1a3c34ce"
          },
          {
            "name": "id_Lugar",
            "comment": "",
            "dataType": "INT",
            "default": "",
            "option": {
              "autoIncrement": false,
              "primaryKey": false,
              "unique": false,
              "notNull": true
            },
            "ui": {
              "active": false,
              "pk": false,
              "fk": true,
              "pfk": false,
              "widthName": 60,
              "widthComment": 60,
              "widthDataType": 60,
              "widthDefault": 60
            },
            "id": "aaed7507-14e3-2e8e-51ec-514e63962433"
          },
          {
            "name": "nombre_Pez",
            "comment": "",
            "dataType": "VARCHAR",
            "default": "",
            "option": {
              "autoIncrement": false,
              "primaryKey": false,
              "unique": false,
              "notNull": true
            },
            "ui": {
              "active": false,
              "pk": false,
              "fk": true,
              "pfk": false,
              "widthName": 76,
              "widthComment": 60,
              "widthDataType": 65,
              "widthDefault": 60
            },
            "id": "f72fcfbc-2c63-9764-a5a0-c85260eb1f45"
          },
          {
            "name": "talla",
            "comment": "",
            "dataType": "",
            "default": "",
            "option": {
              "autoIncrement": false,
              "primaryKey": false,
              "unique": false,
              "notNull": false
            },
            "ui": {
              "active": false,
              "pk": false,
              "fk": false,
              "pfk": false,
              "widthName": 60,
              "widthComment": 60,
              "widthDataType": 60,
              "widthDefault": 60
            },
            "id": "9b9cc6cf-9094-9c9c-0e3f-d0d2c06c7767"
          },
          {
            "name": "peso",
            "comment": "",
            "dataType": "",
            "default": "",
            "option": {
              "autoIncrement": false,
              "primaryKey": false,
              "unique": false,
              "notNull": false
            },
            "ui": {
              "active": false,
              "pk": false,
              "fk": false,
              "pfk": false,
              "widthName": 60,
              "widthComment": 60,
              "widthDataType": 60,
              "widthDefault": 60
            },
            "id": "c2469963-e06a-6796-ddd0-6cd6f09948ac"
          },
          {
            "name": "fecha_Hora",
            "comment": "",
            "dataType": "DATETIME",
            "default": "",
            "option": {
              "autoIncrement": false,
              "primaryKey": false,
              "unique": false,
              "notNull": true
            },
            "ui": {
              "active": false,
              "pk": false,
              "fk": false,
              "pfk": false,
              "widthName": 71,
              "widthComment": 60,
              "widthDataType": 64,
              "widthDefault": 60
            },
            "id": "35c49393-804f-ce1f-39a5-e0f8be09bae9"
          }
        ],
        "ui": {
          "active": false,
          "left": 22,
          "top": 569,
          "zIndex": 502,
          "widthName": 60,
          "widthComment": 60
        },
        "id": "53db9340-b5a7-d670-c449-19b1a99013c7"
      },
      {
        "name": "Trofeos",
        "comment": "",
        "columns": [
          {
            "name": "id_Evento",
            "comment": "",
            "dataType": "INT",
            "default": "",
            "option": {
              "autoIncrement": false,
              "primaryKey": true,
              "unique": false,
              "notNull": true
            },
            "ui": {
              "active": false,
              "pk": false,
              "fk": false,
              "pfk": true,
              "widthName": 60,
              "widthComment": 60,
              "widthDataType": 60,
              "widthDefault": 60
            },
            "id": "a78c68ff-5fc9-4374-18c7-d9e318da0347"
          },
          {
            "name": "id_Afiliado",
            "comment": "",
            "dataType": "INT",
            "default": "",
            "option": {
              "autoIncrement": false,
              "primaryKey": true,
              "unique": false,
              "notNull": true
            },
            "ui": {
              "active": false,
              "pk": false,
              "fk": false,
              "pfk": true,
              "widthName": 62,
              "widthComment": 60,
              "widthDataType": 60,
              "widthDefault": 60
            },
            "id": "61a33dc4-bb11-adc3-4b18-197601c8a3d1"
          },
          {
            "name": "numero_Capturas",
            "comment": "",
            "dataType": "INT",
            "default": "",
            "option": {
              "autoIncrement": false,
              "primaryKey": false,
              "unique": false,
              "notNull": true
            },
            "ui": {
              "active": false,
              "pk": false,
              "fk": false,
              "pfk": false,
              "widthName": 111,
              "widthComment": 60,
              "widthDataType": 60,
              "widthDefault": 60
            },
            "id": "bb6c6ae2-35f9-1e93-b93e-8fefceee8e82"
          },
          {
            "name": "puntos",
            "comment": "",
            "dataType": "INT",
            "default": "",
            "option": {
              "autoIncrement": false,
              "primaryKey": false,
              "unique": false,
              "notNull": true
            },
            "ui": {
              "active": false,
              "pk": false,
              "fk": false,
              "pfk": false,
              "widthName": 60,
              "widthComment": 60,
              "widthDataType": 60,
              "widthDefault": 60
            },
            "id": "a53e5371-c9a5-22ec-38bb-db95fb9d8e44"
          },
          {
            "name": "trofeo",
            "comment": "",
            "dataType": "VARCHAR",
            "default": "",
            "option": {
              "autoIncrement": false,
              "primaryKey": false,
              "unique": false,
              "notNull": true
            },
            "ui": {
              "active": false,
              "pk": false,
              "fk": false,
              "pfk": false,
              "widthName": 60,
              "widthComment": 60,
              "widthDataType": 60,
              "widthDefault": 60
            },
            "id": "501e5dbf-99cc-790b-3e7f-6cab783a3964"
          }
        ],
        "ui": {
          "active": true,
          "left": 1383,
          "top": 252,
          "zIndex": 530,
          "widthName": 60,
          "widthComment": 60
        },
        "id": "0f1a2cf2-7db8-8cee-24c3-f9447e62ff31"
      }
    ],
    "indexes": []
  },
  "memo": {
    "memos": []
  },
  "relationship": {
    "relationships": [
      {
        "identification": true,
        "start": {
          "tableId": "557c95b7-09b7-abcd-a947-62e31a735693",
          "columnIds": [
            "03616559-de52-ea6d-e086-d8d3cededaf4"
          ],
          "x": 1117,
          "y": 183.5,
          "direction": "right"
        },
        "end": {
          "tableId": "ba1e4e10-c293-13c1-4c33-0bef5b76b2b1",
          "columnIds": [
            "b4c35cd5-fc47-ed7c-5249-7a476a66d839"
          ],
          "x": 1370,
          "y": 579.5,
          "direction": "left"
        },
        "id": "84ac960a-fe1a-fbd8-d072-f4d41c28a8a8",
        "relationshipType": "ZeroN"
      },
      {
        "identification": true,
        "start": {
          "tableId": "6116d787-3d1e-9711-bfcd-0aa55cd76a98",
          "columnIds": [
            "ed8ee216-6b24-b0be-c194-174b08565998"
          ],
          "x": 1102,
          "y": 548.625,
          "direction": "right"
        },
        "end": {
          "tableId": "ba1e4e10-c293-13c1-4c33-0bef5b76b2b1",
          "columnIds": [
            "c6c0db07-488c-0beb-a630-61eba55c028b"
          ],
          "x": 1370,
          "y": 524.5,
          "direction": "left"
        },
        "id": "56ab621a-fe44-b53d-92c1-8d463bac4bc5",
        "relationshipType": "OneN"
      },
      {
        "identification": true,
        "start": {
          "tableId": "e774a772-6d98-f37c-ca53-ea46dc78b355",
          "columnIds": [
            "84c9b896-52f1-4da6-94d1-1031cfde95e8"
          ],
          "x": 1116,
          "y": 1064,
          "direction": "right"
        },
        "end": {
          "tableId": "9d41b777-bfe6-6376-8555-7f9cddc90435",
          "columnIds": [
            "416ae3a0-875d-5981-43bf-90034ad19831"
          ],
          "x": 1262,
          "y": 916.5,
          "direction": "left"
        },
        "id": "8973b287-b091-bfde-f9ce-ef9c3f0d8891",
        "relationshipType": "OneN"
      },
      {
        "identification": true,
        "start": {
          "tableId": "58384642-e837-d8dc-7570-4ca51392402a",
          "columnIds": [
            "3746f070-2871-f7ff-a576-0bacc621bace"
          ],
          "x": 1149,
          "y": 812.5,
          "direction": "right"
        },
        "end": {
          "tableId": "9d41b777-bfe6-6376-8555-7f9cddc90435",
          "columnIds": [
            "8906707a-05f9-8e84-b4fe-63f9b327a898"
          ],
          "x": 1262,
          "y": 861.5,
          "direction": "left"
        },
        "id": "d4b47659-3279-86ae-c35a-a4a1990bd6e0",
        "relationshipType": "OneN"
      },
      {
        "identification": false,
        "start": {
          "tableId": "58384642-e837-d8dc-7570-4ca51392402a",
          "columnIds": [
            "3746f070-2871-f7ff-a576-0bacc621bace"
          ],
          "x": 890,
          "y": 696,
          "direction": "top"
        },
        "end": {
          "tableId": "6116d787-3d1e-9711-bfcd-0aa55cd76a98",
          "columnIds": [
            "091f93d8-d710-87f3-ab89-6ad708bdcc1e"
          ],
          "x": 889.5,
          "y": 591.5,
          "direction": "bottom"
        },
        "id": "d373737e-2807-1b31-3ab2-18ebd958ceff",
        "relationshipType": "ZeroN"
      },
      {
        "identification": false,
        "start": {
          "tableId": "557c95b7-09b7-abcd-a947-62e31a735693",
          "columnIds": [
            "03616559-de52-ea6d-e086-d8d3cededaf4"
          ],
          "x": 672,
          "y": 252,
          "direction": "left"
        },
        "end": {
          "tableId": "53db9340-b5a7-d670-c449-19b1a99013c7",
          "columnIds": [
            "de32cb2b-efe5-204a-0758-87477f50b8f4"
          ],
          "x": 437,
          "y": 598.125,
          "direction": "right"
        },
        "id": "02c58248-a406-dbd4-9c07-d9a83739c6af",
        "relationshipType": "ZeroN"
      },
      {
        "identification": false,
        "start": {
          "tableId": "6116d787-3d1e-9711-bfcd-0aa55cd76a98",
          "columnIds": [
            "ed8ee216-6b24-b0be-c194-174b08565998"
          ],
          "x": 677,
          "y": 505.75,
          "direction": "left"
        },
        "end": {
          "tableId": "53db9340-b5a7-d670-c449-19b1a99013c7",
          "columnIds": [
            "5b332398-abdb-07c4-ec29-0d0f1a3c34ce"
          ],
          "x": 437,
          "y": 714.625,
          "direction": "right"
        },
        "id": "b81bdefc-2515-ab25-b233-91fcc576e0b8",
        "relationshipType": "ZeroN"
      },
      {
        "identification": false,
        "start": {
          "tableId": "58384642-e837-d8dc-7570-4ca51392402a",
          "columnIds": [
            "3746f070-2871-f7ff-a576-0bacc621bace"
          ],
          "x": 631,
          "y": 812.5,
          "direction": "left"
        },
        "end": {
          "tableId": "53db9340-b5a7-d670-c449-19b1a99013c7",
          "columnIds": [
            "aaed7507-14e3-2e8e-51ec-514e63962433"
          ],
          "x": 437,
          "y": 772.875,
          "direction": "right"
        },
        "id": "3842ada6-b855-6bd7-7857-6736320cb3b9",
        "relationshipType": "ZeroN"
      },
      {
        "identification": false,
        "start": {
          "tableId": "e774a772-6d98-f37c-ca53-ea46dc78b355",
          "columnIds": [
            "84c9b896-52f1-4da6-94d1-1031cfde95e8"
          ],
          "x": 692,
          "y": 1064,
          "direction": "left"
        },
        "end": {
          "tableId": "53db9340-b5a7-d670-c449-19b1a99013c7",
          "columnIds": [
            "f72fcfbc-2c63-9764-a5a0-c85260eb1f45"
          ],
          "x": 437,
          "y": 656.375,
          "direction": "right"
        },
        "id": "fe9777e4-39cb-45c6-82ca-512d03fd11c1",
        "relationshipType": "ZeroN"
      },
      {
        "identification": true,
        "start": {
          "tableId": "6116d787-3d1e-9711-bfcd-0aa55cd76a98",
          "columnIds": [
            "ed8ee216-6b24-b0be-c194-174b08565998"
          ],
          "x": 1102,
          "y": 462.875,
          "direction": "right"
        },
        "end": {
          "tableId": "0f1a2cf2-7db8-8cee-24c3-f9447e62ff31",
          "columnIds": [
            "a78c68ff-5fc9-4374-18c7-d9e318da0347"
          ],
          "x": 1383,
          "y": 380.625,
          "direction": "left"
        },
        "id": "39edf8c2-a8c2-0ef1-bc47-f29cdc772e67",
        "relationshipType": "OneN"
      },
      {
        "identification": true,
        "start": {
          "tableId": "557c95b7-09b7-abcd-a947-62e31a735693",
          "columnIds": [
            "03616559-de52-ea6d-e086-d8d3cededaf4"
          ],
          "x": 1117,
          "y": 320.5,
          "direction": "right"
        },
        "end": {
          "tableId": "0f1a2cf2-7db8-8cee-24c3-f9447e62ff31",
          "columnIds": [
            "61a33dc4-bb11-adc3-4b18-197601c8a3d1"
          ],
          "x": 1383,
          "y": 294.875,
          "direction": "left"
        },
        "id": "20bd6ebc-ceef-453d-f353-468dd413821e",
        "relationshipType": "ZeroN"
      }
    ]
  }
}