{
  "canvas": {
    "width": 2000,
    "height": 2000,
    "scrollTop": 0,
    "scrollLeft": 187.5,
    "show": {
      "tableComment": true,
      "columnComment": true,
      "columnDataType": true,
      "columnDefault": true,
      "columnAutoIncrement": true,
      "columnPrimaryKey": true,
      "columnUnique": true,
      "columnNotNull": true,
      "relationship": true
    },
    "database": "MySQL",
    "databaseName": "CAMPEONATO_AJEDREZ",
    "canvasType": "ERD",
    "language": "GraphQL",
    "tableCase": "pascalCase",
    "columnCase": "camelCase",
    "setting": {
      "relationshipDataTypeSync": true,
      "columnOrder": [
        "columnName",
        "columnDataType",
        "columnNotNull",
        "columnUnique",
        "columnAutoIncrement",
        "columnDefault",
        "columnComment"
      ]
    }
  },
  "table": {
    "tables": [
      {
        "name": "Participantes",
        "comment": "",
        "columns": [
          {
            "name": "id_Participante",
            "comment": "",
            "dataType": "INT",
            "default": "",
            "option": {
              "autoIncrement": true,
              "primaryKey": true,
              "unique": true,
              "notNull": true
            },
            "ui": {
              "active": false,
              "pk": true,
              "fk": false,
              "pfk": false,
              "widthName": 93,
              "widthComment": 60,
              "widthDataType": 60,
              "widthDefault": 60
            },
            "id": "200bba8b-be51-19e9-21b3-f6d7e4aa9ddd"
          },
          {
            "name": "id_Pais",
            "comment": "",
            "dataType": "INT",
            "default": "",
            "option": {
              "autoIncrement": false,
              "primaryKey": false,
              "unique": false,
              "notNull": false
            },
            "ui": {
              "active": false,
              "pk": false,
              "fk": true,
              "pfk": false,
              "widthName": 60,
              "widthComment": 60,
              "widthDataType": 60,
              "widthDefault": 60
            },
            "id": "cbc1ba07-5427-32e8-fd62-2ffa7281c941"
          },
          {
            "name": "arbitro",
            "comment": "",
            "dataType": "BOOLEAN",
            "default": "",
            "option": {
              "autoIncrement": false,
              "primaryKey": false,
              "unique": false,
              "notNull": true
            },
            "ui": {
              "active": false,
              "pk": false,
              "fk": false,
              "pfk": false,
              "widthName": 60,
              "widthComment": 60,
              "widthDataType": 63,
              "widthDefault": 60
            },
            "id": "634dd60b-bd09-cb7a-bf5d-3c3cbf39afcc"
          },
          {
            "name": "nombre",
            "comment": "",
            "dataType": "VARCHAR",
            "default": "",
            "option": {
              "autoIncrement": false,
              "primaryKey": false,
              "unique": false,
              "notNull": true
            },
            "ui": {
              "active": false,
              "pk": false,
              "fk": false,
              "pfk": false,
              "widthName": 60,
              "widthComment": 60,
              "widthDataType": 60,
              "widthDefault": 60
            },
            "id": "95c133ff-4b27-6250-39f1-dc39345eccf7"
          },
          {
            "name": "direccion",
            "comment": "",
            "dataType": "VARCHAR",
            "default": "",
            "option": {
              "autoIncrement": false,
              "primaryKey": false,
              "unique": false,
              "notNull": true
            },
            "ui": {
              "active": false,
              "pk": false,
              "fk": false,
              "pfk": false,
              "widthName": 60,
              "widthComment": 60,
              "widthDataType": 60,
              "widthDefault": 60
            },
            "id": "80e6966f-9dee-094d-3564-982b5d6fe208"
          },
          {
            "name": "telefono",
            "comment": "",
            "dataType": "VARCHAR",
            "default": "",
            "option": {
              "autoIncrement": false,
              "primaryKey": false,
              "unique": false,
              "notNull": true
            },
            "ui": {
              "active": false,
              "pk": false,
              "fk": false,
              "pfk": false,
              "widthName": 60,
              "widthComment": 60,
              "widthDataType": 60,
              "widthDefault": 60
            },
            "id": "64f1fba4-145b-45ce-745e-ce13b048356a"
          },
          {
            "name": "campeonatos_Jugados",
            "comment": "",
            "dataType": "VARCHAR",
            "default": "",
            "option": {
              "autoIncrement": false,
              "primaryKey": false,
              "unique": false,
              "notNull": false
            },
            "ui": {
              "active": false,
              "pk": false,
              "fk": false,
              "pfk": false,
              "widthName": 140,
              "widthComment": 60,
              "widthDataType": 60,
              "widthDefault": 60
            },
            "id": "820cf432-d354-b607-0b2e-a4cd9c1f1eeb"
          },
          {
            "name": "nivel_Juego",
            "comment": "",
            "dataType": "VARCHAR",
            "default": "",
            "option": {
              "autoIncrement": false,
              "primaryKey": false,
              "unique": false,
              "notNull": false
            },
            "ui": {
              "active": false,
              "pk": false,
              "fk": false,
              "pfk": false,
              "widthName": 71,
              "widthComment": 60,
              "widthDataType": 60,
              "widthDefault": 60
            },
            "id": "a4677fec-95f8-33f1-d0b6-7003816df646"
          },
          {
            "name": "año_Comienzo",
            "comment": "",
            "dataType": "DATE",
            "default": "",
            "option": {
              "autoIncrement": false,
              "primaryKey": false,
              "unique": false,
              "notNull": false
            },
            "ui": {
              "active": false,
              "pk": false,
              "fk": false,
              "pfk": false,
              "widthName": 92,
              "widthComment": 60,
              "widthDataType": 60,
              "widthDefault": 60
            },
            "id": "0c4a8591-e957-ffc1-3abd-13abd744262a"
          }
        ],
        "ui": {
          "active": false,
          "left": 199,
          "top": 98,
          "zIndex": 417,
          "widthName": 82,
          "widthComment": 60
        },
        "id": "add45004-2d05-79c3-e86a-797b8f8581d7"
      },
      {
        "name": "Paises",
        "comment": "",
        "columns": [
          {
            "name": "id_Pais",
            "comment": "",
            "dataType": "INT",
            "default": "",
            "option": {
              "autoIncrement": true,
              "primaryKey": true,
              "unique": true,
              "notNull": true
            },
            "ui": {
              "active": false,
              "pk": true,
              "fk": false,
              "pfk": false,
              "widthName": 60,
              "widthComment": 60,
              "widthDataType": 60,
              "widthDefault": 60
            },
            "id": "414e8131-9a48-d0a3-f645-c0bd365765a4"
          },
          {
            "name": "nombre",
            "comment": "",
            "dataType": "VARCHAR",
            "default": "",
            "option": {
              "autoIncrement": false,
              "primaryKey": false,
              "unique": false,
              "notNull": true
            },
            "ui": {
              "active": false,
              "pk": false,
              "fk": false,
              "pfk": false,
              "widthName": 60,
              "widthComment": 60,
              "widthDataType": 60,
              "widthDefault": 60
            },
            "id": "595268a2-ff6e-20de-5794-8f5e47538321"
          },
          {
            "name": "numero_Clubes",
            "comment": "",
            "dataType": "INT",
            "default": "",
            "option": {
              "autoIncrement": false,
              "primaryKey": false,
              "unique": false,
              "notNull": false
            },
            "ui": {
              "active": false,
              "pk": false,
              "fk": false,
              "pfk": false,
              "widthName": 97,
              "widthComment": 60,
              "widthDataType": 60,
              "widthDefault": 60
            },
            "id": "47a76d41-36b2-b6c8-ecd6-b05dd784cffe"
          }
        ],
        "ui": {
          "active": false,
          "left": 775,
          "top": 283,
          "zIndex": 309,
          "widthName": 60,
          "widthComment": 60
        },
        "id": "982ded0c-1b3f-b32d-bd36-2a010c0c364e"
      },
      {
        "name": "Partidas",
        "comment": "",
        "columns": [
          {
            "name": "id_Partida",
            "comment": "",
            "dataType": "INT",
            "default": "",
            "option": {
              "autoIncrement": true,
              "primaryKey": true,
              "unique": true,
              "notNull": true
            },
            "ui": {
              "active": false,
              "pk": true,
              "fk": false,
              "pfk": false,
              "widthName": 63,
              "widthComment": 60,
              "widthDataType": 60,
              "widthDefault": 60
            },
            "id": "f4404340-c273-82ae-fe32-b01f7ad91f4a"
          },
          {
            "name": "id_Sala",
            "comment": "",
            "dataType": "INT",
            "default": "",
            "option": {
              "autoIncrement": false,
              "primaryKey": false,
              "unique": false,
              "notNull": true
            },
            "ui": {
              "active": false,
              "pk": false,
              "fk": true,
              "pfk": false,
              "widthName": 60,
              "widthComment": 60,
              "widthDataType": 60,
              "widthDefault": 60
            },
            "id": "4295955f-0f19-bbc0-7c09-844a7e3a0897"
          },
          {
            "name": "id_Arbitro",
            "comment": "",
            "dataType": "INT",
            "default": "",
            "option": {
              "autoIncrement": false,
              "primaryKey": false,
              "unique": false,
              "notNull": true
            },
            "ui": {
              "active": false,
              "pk": false,
              "fk": true,
              "pfk": false,
              "widthName": 62,
              "widthComment": 60,
              "widthDataType": 60,
              "widthDefault": 60
            },
            "id": "5cda571c-e54e-a630-6482-571e6831274f"
          },
          {
            "name": "hora_Inicio",
            "comment": "",
            "dataType": "TIME",
            "default": "",
            "option": {
              "autoIncrement": false,
              "primaryKey": false,
              "unique": false,
              "notNull": true
            },
            "ui": {
              "active": false,
              "pk": false,
              "fk": false,
              "pfk": false,
              "widthName": 69,
              "widthComment": 60,
              "widthDataType": 60,
              "widthDefault": 60
            },
            "id": "244662aa-dbfc-d774-20f6-e6afeba731a0"
          },
          {
            "name": "hora_Fin",
            "comment": "",
            "dataType": "TIME",
            "default": "",
            "option": {
              "autoIncrement": false,
              "primaryKey": false,
              "unique": false,
              "notNull": true
            },
            "ui": {
              "active": false,
              "pk": false,
              "fk": false,
              "pfk": false,
              "widthName": 60,
              "widthComment": 60,
              "widthDataType": 60,
              "widthDefault": 60
            },
            "id": "55456dec-1d74-2bba-4cda-30ad9119cf7e"
          }
        ],
        "ui": {
          "active": false,
          "left": 769,
          "top": 579,
          "zIndex": 434,
          "widthName": 60,
          "widthComment": 60
        },
        "id": "af53a56a-0c4b-0efc-fad2-c42bf5b98737"
      },
      {
        "name": "Participantes-Partidas",
        "comment": "",
        "columns": [
          {
            "name": "id_Partida",
            "comment": "",
            "dataType": "INT",
            "default": "",
            "option": {
              "autoIncrement": false,
              "primaryKey": true,
              "unique": false,
              "notNull": true
            },
            "ui": {
              "active": false,
              "pk": false,
              "fk": false,
              "pfk": true,
              "widthName": 63,
              "widthComment": 60,
              "widthDataType": 60,
              "widthDefault": 60
            },
            "id": "6a014b49-05f8-9f9e-a77f-2fa497235604"
          },
          {
            "name": "id_Participante",
            "comment": "",
            "dataType": "INT",
            "default": "",
            "option": {
              "autoIncrement": false,
              "primaryKey": true,
              "unique": false,
              "notNull": true
            },
            "ui": {
              "active": false,
              "pk": false,
              "fk": false,
              "pfk": true,
              "widthName": 93,
              "widthComment": 60,
              "widthDataType": 60,
              "widthDefault": 60
            },
            "id": "1fd826aa-f04e-06ca-29f8-a675b3271f9d"
          },
          {
            "name": "color_Ficha",
            "comment": "",
            "dataType": "VARCHAR",
            "default": "",
            "option": {
              "autoIncrement": false,
              "primaryKey": false,
              "unique": false,
              "notNull": false
            },
            "ui": {
              "active": false,
              "pk": false,
              "fk": false,
              "pfk": false,
              "widthName": 70,
              "widthComment": 60,
              "widthDataType": 60,
              "widthDefault": 60
            },
            "id": "122164f1-ded7-d2ec-620d-98d91deafcf4"
          }
        ],
        "ui": {
          "active": false,
          "left": 224.33333339956076,
          "top": 491.33333339956073,
          "zIndex": 423,
          "widthName": 136,
          "widthComment": 60
        },
        "id": "5c64d363-03ce-b8ad-e9bc-d7c1688bff96"
      },
      {
        "name": "Salas",
        "comment": "",
        "columns": [
          {
            "name": "id_Sala",
            "comment": "",
            "dataType": "INT",
            "default": "",
            "option": {
              "autoIncrement": true,
              "primaryKey": true,
              "unique": true,
              "notNull": true
            },
            "ui": {
              "active": false,
              "pk": true,
              "fk": false,
              "pfk": false,
              "widthName": 60,
              "widthComment": 60,
              "widthDataType": 60,
              "widthDefault": 60
            },
            "id": "77ff5692-af0f-6298-2131-faf7c237c0f1"
          },
          {
            "name": "id_Hotel",
            "comment": "",
            "dataType": "INT",
            "default": "",
            "option": {
              "autoIncrement": false,
              "primaryKey": false,
              "unique": false,
              "notNull": false
            },
            "ui": {
              "active": false,
              "pk": false,
              "fk": true,
              "pfk": false,
              "widthName": 60,
              "widthComment": 60,
              "widthDataType": 60,
              "widthDefault": 60
            },
            "id": "c95c8dbe-0e50-3fe1-7e5a-b3a4de928981"
          },
          {
            "name": "entradas_Vendidas",
            "comment": "",
            "dataType": "INT",
            "default": "",
            "option": {
              "autoIncrement": false,
              "primaryKey": false,
              "unique": false,
              "notNull": false
            },
            "ui": {
              "active": false,
              "pk": false,
              "fk": false,
              "pfk": false,
              "widthName": 118,
              "widthComment": 60,
              "widthDataType": 60,
              "widthDefault": 60
            },
            "id": "d295e611-4dae-1d37-0d6c-237d609896f7"
          },
          {
            "name": "nombre",
            "comment": "",
            "dataType": "VARCHAR",
            "default": "",
            "option": {
              "autoIncrement": false,
              "primaryKey": false,
              "unique": false,
              "notNull": true
            },
            "ui": {
              "active": false,
              "pk": false,
              "fk": false,
              "pfk": false,
              "widthName": 60,
              "widthComment": 60,
              "widthDataType": 60,
              "widthDefault": 60
            },
            "id": "ab15cee1-425e-0272-0cd0-7e255cb26f92"
          },
          {
            "name": "capacidad",
            "comment": "",
            "dataType": "INT",
            "default": "",
            "option": {
              "autoIncrement": false,
              "primaryKey": false,
              "unique": false,
              "notNull": true
            },
            "ui": {
              "active": false,
              "pk": false,
              "fk": false,
              "pfk": false,
              "widthName": 64,
              "widthComment": 60,
              "widthDataType": 60,
              "widthDefault": 60
            },
            "id": "0a9f1cba-9f54-88ed-9271-d363ff05eeac"
          },
          {
            "name": "medios_Retransmision",
            "comment": "",
            "dataType": "VARCHAR",
            "default": "",
            "option": {
              "autoIncrement": false,
              "primaryKey": false,
              "unique": false,
              "notNull": false
            },
            "ui": {
              "active": false,
              "pk": false,
              "fk": false,
              "pfk": false,
              "widthName": 140,
              "widthComment": 60,
              "widthDataType": 60,
              "widthDefault": 60
            },
            "id": "e523af93-b16e-4e24-06ea-ca85a02d36d1"
          }
        ],
        "ui": {
          "active": false,
          "left": 1289,
          "top": 518,
          "zIndex": 295,
          "widthName": 60,
          "widthComment": 60
        },
        "id": "e7d01d2b-4bba-0946-3762-de1d8bed13c1"
      },
      {
        "name": "Registros",
        "comment": "",
        "columns": [
          {
            "name": "id_Partida",
            "comment": "",
            "dataType": "INT",
            "default": "",
            "option": {
              "autoIncrement": false,
              "primaryKey": true,
              "unique": false,
              "notNull": true
            },
            "ui": {
              "active": false,
              "pk": false,
              "fk": false,
              "pfk": true,
              "widthName": 63,
              "widthComment": 60,
              "widthDataType": 60,
              "widthDefault": 60
            },
            "id": "270671c4-a4dd-383f-4e60-7a102e531f1c"
          },
          {
            "name": "id_movimiento",
            "comment": "",
            "dataType": "INT",
            "default": "",
            "option": {
              "autoIncrement": true,
              "primaryKey": true,
              "unique": true,
              "notNull": true
            },
            "ui": {
              "active": false,
              "pk": true,
              "fk": false,
              "pfk": false,
              "widthName": 92,
              "widthComment": 60,
              "widthDataType": 60,
              "widthDefault": 60
            },
            "id": "b72faf95-7d66-489c-5e71-e826682719ce"
          },
          {
            "name": "ficha_Desplazada",
            "comment": "",
            "dataType": "VARCHAR",
            "default": "",
            "option": {
              "autoIncrement": false,
              "primaryKey": false,
              "unique": false,
              "notNull": true
            },
            "ui": {
              "active": false,
              "pk": false,
              "fk": false,
              "pfk": false,
              "widthName": 108,
              "widthComment": 60,
              "widthDataType": 60,
              "widthDefault": 60
            },
            "id": "d70a1ffe-8802-1b61-7f49-632138a9858b"
          },
          {
            "name": "posicion_Desplazada",
            "comment": "",
            "dataType": "VARCHAR",
            "default": "",
            "option": {
              "autoIncrement": false,
              "primaryKey": false,
              "unique": false,
              "notNull": true
            },
            "ui": {
              "active": false,
              "pk": false,
              "fk": false,
              "pfk": false,
              "widthName": 129,
              "widthComment": 60,
              "widthDataType": 60,
              "widthDefault": 60
            },
            "id": "3de7150c-a7e3-cc44-3081-5e1c3e30a84a"
          },
          {
            "name": "color",
            "comment": "",
            "dataType": "VARCHAR",
            "default": "",
            "option": {
              "autoIncrement": false,
              "primaryKey": false,
              "unique": false,
              "notNull": true
            },
            "ui": {
              "active": false,
              "pk": false,
              "fk": false,
              "pfk": false,
              "widthName": 60,
              "widthComment": 60,
              "widthDataType": 60,
              "widthDefault": 60
            },
            "id": "14510072-3392-9372-142b-41b50c20b31d"
          },
          {
            "name": "comentario",
            "comment": "",
            "dataType": "VARCHAR",
            "default": "",
            "option": {
              "autoIncrement": false,
              "primaryKey": false,
              "unique": false,
              "notNull": false
            },
            "ui": {
              "active": false,
              "pk": false,
              "fk": false,
              "pfk": false,
              "widthName": 72,
              "widthComment": 60,
              "widthDataType": 60,
              "widthDefault": 60
            },
            "id": "967c15f3-2fc5-65c4-f3e9-b4bf388f9a56"
          }
        ],
        "ui": {
          "active": false,
          "left": 207,
          "top": 737,
          "zIndex": 426,
          "widthName": 60,
          "widthComment": 60
        },
        "id": "26eadc0a-4e72-4b54-53d6-299c995cdd3a"
      },
      {
        "name": "Hoteles",
        "comment": "",
        "columns": [
          {
            "name": "id_Hotel",
            "comment": "",
            "dataType": "INT",
            "default": "",
            "option": {
              "autoIncrement": true,
              "primaryKey": true,
              "unique": true,
              "notNull": true
            },
            "ui": {
              "active": false,
              "pk": true,
              "fk": false,
              "pfk": false,
              "widthName": 60,
              "widthComment": 60,
              "widthDataType": 60,
              "widthDefault": 60
            },
            "id": "6111d285-8d89-900c-30d1-d42599c021bb"
          },
          {
            "name": "cif",
            "comment": "",
            "dataType": "VARCHAR",
            "default": "",
            "option": {
              "autoIncrement": false,
              "primaryKey": false,
              "unique": false,
              "notNull": true
            },
            "ui": {
              "active": false,
              "pk": false,
              "fk": false,
              "pfk": false,
              "widthName": 60,
              "widthComment": 60,
              "widthDataType": 60,
              "widthDefault": 60
            },
            "id": "2c91c6e8-752d-ed61-e5c4-caea3e8d8d67"
          },
          {
            "name": "nombre",
            "comment": "",
            "dataType": "VARCHAR",
            "default": "",
            "option": {
              "autoIncrement": false,
              "primaryKey": false,
              "unique": false,
              "notNull": true
            },
            "ui": {
              "active": false,
              "pk": false,
              "fk": false,
              "pfk": false,
              "widthName": 60,
              "widthComment": 60,
              "widthDataType": 60,
              "widthDefault": 60
            },
            "id": "f0fba52b-ac28-5098-c6d4-e46d19113b15"
          },
          {
            "name": "direccion",
            "comment": "",
            "dataType": "VARCHAR",
            "default": "",
            "option": {
              "autoIncrement": false,
              "primaryKey": false,
              "unique": false,
              "notNull": true
            },
            "ui": {
              "active": false,
              "pk": false,
              "fk": false,
              "pfk": false,
              "widthName": 60,
              "widthComment": 60,
              "widthDataType": 60,
              "widthDefault": 60
            },
            "id": "90a847d6-ca20-94d5-ce96-62320652b6bd"
          },
          {
            "name": "telefono",
            "comment": "",
            "dataType": "VARCHAR",
            "default": "",
            "option": {
              "autoIncrement": false,
              "primaryKey": false,
              "unique": false,
              "notNull": true
            },
            "ui": {
              "active": false,
              "pk": false,
              "fk": false,
              "pfk": false,
              "widthName": 60,
              "widthComment": 60,
              "widthDataType": 60,
              "widthDefault": 60
            },
            "id": "852a6ef5-030a-cc9e-f51c-2d1db8cb46c3"
          }
        ],
        "ui": {
          "active": false,
          "left": 1329,
          "top": 228,
          "zIndex": 359,
          "widthName": 60,
          "widthComment": 60
        },
        "id": "8151db87-ffbd-c83d-71d8-892e54c1ba48"
      },
      {
        "name": "Participantes_Hoteles",
        "comment": "",
        "columns": [
          {
            "name": "id_Participante",
            "comment": "",
            "dataType": "INT",
            "default": "",
            "option": {
              "autoIncrement": false,
              "primaryKey": true,
              "unique": false,
              "notNull": true
            },
            "ui": {
              "active": false,
              "pk": false,
              "fk": false,
              "pfk": true,
              "widthName": 93,
              "widthComment": 60,
              "widthDataType": 60,
              "widthDefault": 60
            },
            "id": "3aa89d22-724f-f054-7359-fdbd87bd4856"
          },
          {
            "name": "id_Hotel",
            "comment": "",
            "dataType": "INT",
            "default": "",
            "option": {
              "autoIncrement": false,
              "primaryKey": true,
              "unique": false,
              "notNull": true
            },
            "ui": {
              "active": false,
              "pk": false,
              "fk": false,
              "pfk": true,
              "widthName": 60,
              "widthComment": 60,
              "widthDataType": 60,
              "widthDefault": 60
            },
            "id": "ac3d6807-6909-2d3d-9e6d-448f0f7b0294"
          },
          {
            "name": "fecha_Entrada",
            "comment": "",
            "dataType": "DATETIME",
            "default": "",
            "option": {
              "autoIncrement": false,
              "primaryKey": false,
              "unique": false,
              "notNull": true
            },
            "ui": {
              "active": false,
              "pk": false,
              "fk": false,
              "pfk": false,
              "widthName": 89,
              "widthComment": 60,
              "widthDataType": 64,
              "widthDefault": 60
            },
            "id": "d3aab133-72d4-d74f-7ed4-348c664d913c"
          },
          {
            "name": "fecha_Salida",
            "comment": "",
            "dataType": "DATETIME",
            "default": "",
            "option": {
              "autoIncrement": false,
              "primaryKey": false,
              "unique": false,
              "notNull": true
            },
            "ui": {
              "active": false,
              "pk": false,
              "fk": false,
              "pfk": false,
              "widthName": 78,
              "widthComment": 60,
              "widthDataType": 64,
              "widthDefault": 60
            },
            "id": "18938e62-9f6c-a814-7c0b-72571e67a700"
          }
        ],
        "ui": {
          "active": false,
          "left": 797,
          "top": 52,
          "zIndex": 382,
          "widthName": 134,
          "widthComment": 60
        },
        "id": "8c5220af-dd8f-06cb-edfa-a22a58959081"
      }
    ],
    "indexes": []
  },
  "memo": {
    "memos": []
  },
  "relationship": {
    "relationships": [
      {
        "identification": false,
        "start": {
          "tableId": "982ded0c-1b3f-b32d-bd36-2a010c0c364e",
          "columnIds": [
            "414e8131-9a48-d0a3-f645-c0bd365765a4"
          ],
          "x": 775,
          "y": 348.25,
          "direction": "left"
        },
        "end": {
          "tableId": "add45004-2d05-79c3-e86a-797b8f8581d7",
          "columnIds": [
            "cbc1ba07-5427-32e8-fd62-2ffa7281c941"
          ],
          "x": 676,
          "y": 224.75,
          "direction": "right"
        },
        "id": "e6af820c-9e59-584d-cb08-51673b68e127",
        "relationshipType": "ZeroN"
      },
      {
        "identification": true,
        "start": {
          "tableId": "af53a56a-0c4b-0efc-fad2-c42bf5b98737",
          "columnIds": [
            "f4404340-c273-82ae-fe32-b01f7ad91f4a"
          ],
          "x": 769,
          "y": 607.5833333333333,
          "direction": "left"
        },
        "end": {
          "tableId": "5c64d363-03ce-b8ad-e9bc-d7c1688bff96",
          "columnIds": [
            "6a014b49-05f8-9f9e-a77f-2fa497235604"
          ],
          "x": 651.3333333995607,
          "y": 556.5833333995607,
          "direction": "right"
        },
        "id": "75aa04d0-0f51-a23e-7ec4-add921202f01",
        "relationshipType": "OneN"
      },
      {
        "identification": false,
        "start": {
          "tableId": "e7d01d2b-4bba-0946-3762-de1d8bed13c1",
          "columnIds": [
            "77ff5692-af0f-6298-2131-faf7c237c0f1"
          ],
          "x": 1289,
          "y": 614,
          "direction": "left"
        },
        "end": {
          "tableId": "af53a56a-0c4b-0efc-fad2-c42bf5b98737",
          "columnIds": [
            "4295955f-0f19-bbc0-7c09-844a7e3a0897"
          ],
          "x": 1172,
          "y": 664.75,
          "direction": "right"
        },
        "id": "59157c5d-2bbb-ad29-601c-1df2f9e6a298",
        "relationshipType": "ZeroN"
      },
      {
        "identification": true,
        "start": {
          "tableId": "af53a56a-0c4b-0efc-fad2-c42bf5b98737",
          "columnIds": [
            "f4404340-c273-82ae-fe32-b01f7ad91f4a"
          ],
          "x": 769,
          "y": 664.7499999999999,
          "direction": "left"
        },
        "end": {
          "tableId": "26eadc0a-4e72-4b54-53d6-299c995cdd3a",
          "columnIds": [
            "270671c4-a4dd-383f-4e60-7a102e531f1c"
          ],
          "x": 670,
          "y": 833,
          "direction": "right"
        },
        "id": "3868d606-0981-99de-f92e-fe669c845555",
        "relationshipType": "OneN"
      },
      {
        "identification": false,
        "start": {
          "tableId": "8151db87-ffbd-c83d-71d8-892e54c1ba48",
          "columnIds": [
            "6111d285-8d89-900c-30d1-d42599c021bb"
          ],
          "x": 1526,
          "y": 399.5,
          "direction": "bottom"
        },
        "end": {
          "tableId": "e7d01d2b-4bba-0946-3762-de1d8bed13c1",
          "columnIds": [
            "c95c8dbe-0e50-3fe1-7e5a-b3a4de928981"
          ],
          "x": 1526,
          "y": 518,
          "direction": "top"
        },
        "id": "06f10bd6-76f6-ba2f-a33a-01ffe681e8bf",
        "relationshipType": "OneN"
      },
      {
        "identification": true,
        "start": {
          "tableId": "add45004-2d05-79c3-e86a-797b8f8581d7",
          "columnIds": [
            "200bba8b-be51-19e9-21b3-f6d7e4aa9ddd"
          ],
          "x": 676,
          "y": 140.25,
          "direction": "right"
        },
        "end": {
          "tableId": "8c5220af-dd8f-06cb-edfa-a22a58959081",
          "columnIds": [
            "3aa89d22-724f-f054-7359-fdbd87bd4856"
          ],
          "x": 797,
          "y": 127.5,
          "direction": "left"
        },
        "id": "2150e199-25ef-3053-99ac-59048baa49ff",
        "relationshipType": "OneN"
      },
      {
        "identification": true,
        "start": {
          "tableId": "8151db87-ffbd-c83d-71d8-892e54c1ba48",
          "columnIds": [
            "6111d285-8d89-900c-30d1-d42599c021bb"
          ],
          "x": 1329,
          "y": 313.75,
          "direction": "left"
        },
        "end": {
          "tableId": "8c5220af-dd8f-06cb-edfa-a22a58959081",
          "columnIds": [
            "ac3d6807-6909-2d3d-9e6d-448f0f7b0294"
          ],
          "x": 1228,
          "y": 127.5,
          "direction": "right"
        },
        "id": "25a7fe51-e400-ee41-127c-986bd74b0eed",
        "relationshipType": "OneN"
      },
      {
        "identification": true,
        "start": {
          "tableId": "add45004-2d05-79c3-e86a-797b8f8581d7",
          "columnIds": [
            "200bba8b-be51-19e9-21b3-f6d7e4aa9ddd"
          ],
          "x": 437.5,
          "y": 351.5,
          "direction": "bottom"
        },
        "end": {
          "tableId": "5c64d363-03ce-b8ad-e9bc-d7c1688bff96",
          "columnIds": [
            "1fd826aa-f04e-06ca-29f8-a675b3271f9d"
          ],
          "x": 437.83333339956073,
          "y": 491.33333339956073,
          "direction": "top"
        },
        "id": "249113aa-c28a-67de-6ef3-40f5b364e867",
        "relationshipType": "OneN"
      },
      {
        "identification": false,
        "start": {
          "tableId": "add45004-2d05-79c3-e86a-797b8f8581d7",
          "columnIds": [
            "200bba8b-be51-19e9-21b3-f6d7e4aa9ddd"
          ],
          "x": 676,
          "y": 309.25,
          "direction": "right"
        },
        "end": {
          "tableId": "af53a56a-0c4b-0efc-fad2-c42bf5b98737",
          "columnIds": [
            "5cda571c-e54e-a630-6482-571e6831274f"
          ],
          "x": 769,
          "y": 721.9166666666665,
          "direction": "left"
        },
        "id": "5857aa90-f16f-a45e-b47f-51654d73ca93",
        "relationshipType": "OneN"
      }
    ]
  }
}