{
  "canvas": {
    "width": 2000,
    "height": 2000,
    "scrollTop": 61.666664123535156,
    "scrollLeft": 84.16666412353516,
    "show": {
      "tableComment": true,
      "columnComment": true,
      "columnDataType": true,
      "columnDefault": true,
      "columnAutoIncrement": true,
      "columnPrimaryKey": true,
      "columnUnique": true,
      "columnNotNull": true,
      "relationship": true
    },
    "database": "MySQL",
    "databaseName": "CENTROS_ESCOLARES",
    "canvasType": "ERD",
    "language": "GraphQL",
    "tableCase": "pascalCase",
    "columnCase": "camelCase",
    "setting": {
      "relationshipDataTypeSync": true,
      "columnOrder": [
        "columnName",
        "columnDataType",
        "columnNotNull",
        "columnUnique",
        "columnAutoIncrement",
        "columnDefault",
        "columnComment"
      ]
    }
  },
  "table": {
    "tables": [
      {
        "name": "Centros",
        "comment": "",
        "columns": [
          {
            "name": "id_Centro",
            "comment": "",
            "dataType": "INT",
            "default": "",
            "option": {
              "autoIncrement": true,
              "primaryKey": true,
              "unique": true,
              "notNull": true
            },
            "ui": {
              "active": false,
              "pk": true,
              "fk": false,
              "pfk": false,
              "widthName": 60,
              "widthComment": 60,
              "widthDataType": 60,
              "widthDefault": 60
            },
            "id": "a9bbbe41-76a9-1f23-2b1e-5486b23a04e0"
          },
          {
            "name": "id_Localidad",
            "comment": "",
            "dataType": "INT",
            "default": "",
            "option": {
              "autoIncrement": false,
              "primaryKey": false,
              "unique": false,
              "notNull": false
            },
            "ui": {
              "active": false,
              "pk": false,
              "fk": true,
              "pfk": false,
              "widthName": 75,
              "widthComment": 60,
              "widthDataType": 60,
              "widthDefault": 60
            },
            "id": "8472046d-6fbe-3628-ee19-0d8f75a88c80"
          },
          {
            "name": "cif",
            "comment": "",
            "dataType": "VARCHAR",
            "default": "",
            "option": {
              "autoIncrement": false,
              "primaryKey": false,
              "unique": false,
              "notNull": true
            },
            "ui": {
              "active": false,
              "pk": false,
              "fk": false,
              "pfk": false,
              "widthName": 60,
              "widthComment": 60,
              "widthDataType": 60,
              "widthDefault": 60
            },
            "id": "bf311804-13e5-064a-e85d-0c7d483616dd"
          },
          {
            "name": "nombre",
            "comment": "",
            "dataType": "VARCHAR",
            "default": "",
            "option": {
              "autoIncrement": false,
              "primaryKey": false,
              "unique": false,
              "notNull": true
            },
            "ui": {
              "active": false,
              "pk": false,
              "fk": false,
              "pfk": false,
              "widthName": 60,
              "widthComment": 60,
              "widthDataType": 60,
              "widthDefault": 60
            },
            "id": "4a01f00e-fe56-20e6-cf37-a687ca7a08f5"
          },
          {
            "name": "director",
            "comment": "",
            "dataType": "VARCHAR",
            "default": "",
            "option": {
              "autoIncrement": false,
              "primaryKey": false,
              "unique": false,
              "notNull": true
            },
            "ui": {
              "active": false,
              "pk": false,
              "fk": false,
              "pfk": false,
              "widthName": 60,
              "widthComment": 60,
              "widthDataType": 60,
              "widthDefault": 60
            },
            "id": "407ab4f5-878a-2394-aa32-1fb9aea7a279"
          },
          {
            "name": "domicilio",
            "comment": "",
            "dataType": "VARCHAR",
            "default": "",
            "option": {
              "autoIncrement": false,
              "primaryKey": false,
              "unique": false,
              "notNull": true
            },
            "ui": {
              "active": false,
              "pk": false,
              "fk": false,
              "pfk": false,
              "widthName": 60,
              "widthComment": 60,
              "widthDataType": 60,
              "widthDefault": 60
            },
            "id": "ef7600ff-6922-0345-62a9-124511819451"
          },
          {
            "name": "telefono",
            "comment": "",
            "dataType": "VARCHAR",
            "default": "",
            "option": {
              "autoIncrement": false,
              "primaryKey": false,
              "unique": false,
              "notNull": true
            },
            "ui": {
              "active": false,
              "pk": false,
              "fk": false,
              "pfk": false,
              "widthName": 60,
              "widthComment": 60,
              "widthDataType": 60,
              "widthDefault": 60
            },
            "id": "52aee45c-b7a2-0bed-42f1-4055d428b2af"
          },
          {
            "name": "provincia",
            "comment": "",
            "dataType": "VARCHAR",
            "default": "",
            "option": {
              "autoIncrement": false,
              "primaryKey": false,
              "unique": false,
              "notNull": true
            },
            "ui": {
              "active": false,
              "pk": false,
              "fk": false,
              "pfk": false,
              "widthName": 60,
              "widthComment": 60,
              "widthDataType": 60,
              "widthDefault": 60
            },
            "id": "0e4b0fd9-2568-425a-90aa-24ce08612d3f"
          }
        ],
        "ui": {
          "active": false,
          "left": 683,
          "top": 185,
          "zIndex": 276,
          "widthName": 60,
          "widthComment": 60
        },
        "id": "b5659498-cf1b-03fe-1fb1-473f7b594348"
      },
      {
        "name": "Trabajadores",
        "comment": "",
        "columns": [
          {
            "name": "id_Trabajador",
            "comment": "",
            "dataType": "INT",
            "default": "",
            "option": {
              "autoIncrement": true,
              "primaryKey": true,
              "unique": true,
              "notNull": true
            },
            "ui": {
              "active": false,
              "pk": true,
              "fk": false,
              "pfk": false,
              "widthName": 85,
              "widthComment": 60,
              "widthDataType": 60,
              "widthDefault": 60
            },
            "id": "142bbab1-4b56-ce64-b449-b4e226367c36"
          },
          {
            "name": "id_Centro",
            "comment": "",
            "dataType": "INT",
            "default": "",
            "option": {
              "autoIncrement": false,
              "primaryKey": false,
              "unique": false,
              "notNull": false
            },
            "ui": {
              "active": false,
              "pk": false,
              "fk": true,
              "pfk": false,
              "widthName": 60,
              "widthComment": 60,
              "widthDataType": 60,
              "widthDefault": 60
            },
            "id": "398ab7d2-32b2-4002-82b3-a9bf6d161e4e"
          },
          {
            "name": "profesor",
            "comment": "",
            "dataType": "BOOLEAN",
            "default": "",
            "option": {
              "autoIncrement": false,
              "primaryKey": false,
              "unique": false,
              "notNull": true
            },
            "ui": {
              "active": false,
              "pk": false,
              "fk": false,
              "pfk": false,
              "widthName": 60,
              "widthComment": 60,
              "widthDataType": 63,
              "widthDefault": 60
            },
            "id": "26e653d8-f1ad-e712-9faa-d058638202b1"
          },
          {
            "name": "dni",
            "comment": "",
            "dataType": "VARCHAR",
            "default": "",
            "option": {
              "autoIncrement": false,
              "primaryKey": false,
              "unique": false,
              "notNull": true
            },
            "ui": {
              "active": false,
              "pk": false,
              "fk": false,
              "pfk": false,
              "widthName": 60,
              "widthComment": 60,
              "widthDataType": 60,
              "widthDefault": 60
            },
            "id": "8fd2e2fe-0cac-9428-e8a3-67babe0f3ff3"
          },
          {
            "name": "nombre",
            "comment": "",
            "dataType": "VARCHAR",
            "default": "",
            "option": {
              "autoIncrement": false,
              "primaryKey": false,
              "unique": false,
              "notNull": true
            },
            "ui": {
              "active": false,
              "pk": false,
              "fk": false,
              "pfk": false,
              "widthName": 60,
              "widthComment": 60,
              "widthDataType": 60,
              "widthDefault": 60
            },
            "id": "9c1770df-ee0b-ba0a-4534-861b9fca68f5"
          },
          {
            "name": "direccion",
            "comment": "",
            "dataType": "VARCHAR",
            "default": "",
            "option": {
              "autoIncrement": false,
              "primaryKey": false,
              "unique": false,
              "notNull": true
            },
            "ui": {
              "active": false,
              "pk": false,
              "fk": false,
              "pfk": false,
              "widthName": 60,
              "widthComment": 60,
              "widthDataType": 60,
              "widthDefault": 60
            },
            "id": "44674af6-6757-9576-f77e-09a366468129"
          },
          {
            "name": "telefono",
            "comment": "",
            "dataType": "VARCHAR",
            "default": "",
            "option": {
              "autoIncrement": false,
              "primaryKey": false,
              "unique": false,
              "notNull": true
            },
            "ui": {
              "active": false,
              "pk": false,
              "fk": false,
              "pfk": false,
              "widthName": 60,
              "widthComment": 60,
              "widthDataType": 60,
              "widthDefault": 60
            },
            "id": "0afd42ca-2a2e-73e7-3ad7-8dfdf33ca402"
          },
          {
            "name": "fecha_Alta",
            "comment": "",
            "dataType": "DATE",
            "default": "",
            "option": {
              "autoIncrement": false,
              "primaryKey": false,
              "unique": false,
              "notNull": true
            },
            "ui": {
              "active": false,
              "pk": false,
              "fk": false,
              "pfk": false,
              "widthName": 65,
              "widthComment": 60,
              "widthDataType": 60,
              "widthDefault": 60
            },
            "id": "5ce4c94c-3f3d-fc6b-aa17-fc81bb49fbbf"
          },
          {
            "name": "nivel_Estudios",
            "comment": "",
            "dataType": "VARCHAR",
            "default": "",
            "option": {
              "autoIncrement": false,
              "primaryKey": false,
              "unique": false,
              "notNull": false
            },
            "ui": {
              "active": false,
              "pk": false,
              "fk": false,
              "pfk": false,
              "widthName": 88,
              "widthComment": 60,
              "widthDataType": 60,
              "widthDefault": 60
            },
            "id": "0dca04e5-178a-a790-97c0-d580f4fbe928"
          },
          {
            "name": "especialidad",
            "comment": "",
            "dataType": "VARCHAR",
            "default": "",
            "option": {
              "autoIncrement": false,
              "primaryKey": false,
              "unique": false,
              "notNull": false
            },
            "ui": {
              "active": false,
              "pk": false,
              "fk": false,
              "pfk": false,
              "widthName": 78,
              "widthComment": 60,
              "widthDataType": 60,
              "widthDefault": 60
            },
            "id": "9df5c191-415a-c5e3-08a4-a76dd3125064"
          },
          {
            "name": "pago_SS",
            "comment": "",
            "dataType": "FLOAT",
            "default": "",
            "option": {
              "autoIncrement": false,
              "primaryKey": false,
              "unique": false,
              "notNull": false
            },
            "ui": {
              "active": false,
              "pk": false,
              "fk": false,
              "pfk": false,
              "widthName": 60,
              "widthComment": 60,
              "widthDataType": 60,
              "widthDefault": 60
            },
            "id": "3c50815a-5452-50b8-93fb-eb47dab1aa92"
          },
          {
            "name": "IRPF",
            "comment": "",
            "dataType": "VARCHAR",
            "default": "",
            "option": {
              "autoIncrement": false,
              "primaryKey": false,
              "unique": false,
              "notNull": false
            },
            "ui": {
              "active": false,
              "pk": false,
              "fk": false,
              "pfk": false,
              "widthName": 60,
              "widthComment": 60,
              "widthDataType": 60,
              "widthDefault": 60
            },
            "id": "65e587ac-1da5-34a9-a42a-2b7f7fcb5532"
          }
        ],
        "ui": {
          "active": false,
          "left": 1207,
          "top": 144,
          "zIndex": 289,
          "widthName": 81,
          "widthComment": 60
        },
        "id": "f40c9122-e28f-ff69-4cf2-8192d3fbe523"
      },
      {
        "name": "Secciones",
        "comment": "",
        "columns": [
          {
            "name": "id_Seccion",
            "comment": "",
            "dataType": "INT",
            "default": "",
            "option": {
              "autoIncrement": true,
              "primaryKey": true,
              "unique": true,
              "notNull": true
            },
            "ui": {
              "active": false,
              "pk": true,
              "fk": false,
              "pfk": false,
              "widthName": 65,
              "widthComment": 60,
              "widthDataType": 60,
              "widthDefault": 60
            },
            "id": "9ccbf17d-381f-93e1-003b-3d987381d5b0"
          },
          {
            "name": "nombre",
            "comment": "",
            "dataType": "VARCHAR",
            "default": "",
            "option": {
              "autoIncrement": false,
              "primaryKey": false,
              "unique": false,
              "notNull": true
            },
            "ui": {
              "active": false,
              "pk": false,
              "fk": false,
              "pfk": false,
              "widthName": 60,
              "widthComment": 60,
              "widthDataType": 60,
              "widthDefault": 60
            },
            "id": "d429070a-c2e7-553c-87f8-bc3a3166b274"
          },
          {
            "name": "catidad_Cursos",
            "comment": "",
            "dataType": "INT",
            "default": "",
            "option": {
              "autoIncrement": false,
              "primaryKey": false,
              "unique": false,
              "notNull": true
            },
            "ui": {
              "active": false,
              "pk": false,
              "fk": false,
              "pfk": false,
              "widthName": 95,
              "widthComment": 60,
              "widthDataType": 60,
              "widthDefault": 60
            },
            "id": "2fb9eeb9-1c4e-aec4-307c-d8a6bc127fe1"
          },
          {
            "name": "horarios",
            "comment": "",
            "dataType": "VARCHAR",
            "default": "",
            "option": {
              "autoIncrement": false,
              "primaryKey": false,
              "unique": false,
              "notNull": true
            },
            "ui": {
              "active": false,
              "pk": false,
              "fk": false,
              "pfk": false,
              "widthName": 60,
              "widthComment": 60,
              "widthDataType": 60,
              "widthDefault": 60
            },
            "id": "358f54f9-8191-7b2e-e197-fb664cf09ca7"
          }
        ],
        "ui": {
          "active": false,
          "left": 1205,
          "top": 783,
          "zIndex": 291,
          "widthName": 62,
          "widthComment": 60
        },
        "id": "83df0395-4ec0-d28a-e10b-ab1b03d9381f"
      },
      {
        "name": "Profesores-Secciones",
        "comment": "",
        "columns": [
          {
            "name": "id_Trabajador",
            "comment": "",
            "dataType": "INT",
            "default": "",
            "option": {
              "autoIncrement": false,
              "primaryKey": true,
              "unique": false,
              "notNull": true
            },
            "ui": {
              "active": false,
              "pk": false,
              "fk": false,
              "pfk": true,
              "widthName": 85,
              "widthComment": 60,
              "widthDataType": 60,
              "widthDefault": 60
            },
            "id": "af49d3a5-03d1-7273-ca6f-1440e3f79645"
          },
          {
            "name": "id_Seccion",
            "comment": "",
            "dataType": "INT",
            "default": "",
            "option": {
              "autoIncrement": false,
              "primaryKey": true,
              "unique": false,
              "notNull": true
            },
            "ui": {
              "active": false,
              "pk": false,
              "fk": false,
              "pfk": true,
              "widthName": 65,
              "widthComment": 60,
              "widthDataType": 60,
              "widthDefault": 60
            },
            "id": "b0afe431-83e1-1ec4-3731-443c3b6ab68b"
          },
          {
            "name": "horas_Imparticion",
            "comment": "",
            "dataType": "INT",
            "default": "",
            "option": {
              "autoIncrement": false,
              "primaryKey": false,
              "unique": false,
              "notNull": true
            },
            "ui": {
              "active": false,
              "pk": false,
              "fk": false,
              "pfk": false,
              "widthName": 113,
              "widthComment": 60,
              "widthDataType": 60,
              "widthDefault": 60
            },
            "id": "c51d9574-1e0f-d494-fc21-82822ae4cd76"
          }
        ],
        "ui": {
          "active": false,
          "left": 1196,
          "top": 569,
          "zIndex": 290,
          "widthName": 131,
          "widthComment": 60
        },
        "id": "6d5774e1-d331-755e-c79f-a6146013bd09"
      },
      {
        "name": "Cursos",
        "comment": "",
        "columns": [
          {
            "name": "id_Curso",
            "comment": "",
            "dataType": "INT",
            "default": "",
            "option": {
              "autoIncrement": true,
              "primaryKey": true,
              "unique": true,
              "notNull": true
            },
            "ui": {
              "active": false,
              "pk": true,
              "fk": false,
              "pfk": false,
              "widthName": 60,
              "widthComment": 60,
              "widthDataType": 60,
              "widthDefault": 60
            },
            "id": "8c31b7cb-a1de-4e11-67fb-27fa9419b58d"
          },
          {
            "name": "numero_Alumnos",
            "comment": "",
            "dataType": "INT",
            "default": "",
            "option": {
              "autoIncrement": false,
              "primaryKey": false,
              "unique": false,
              "notNull": false
            },
            "ui": {
              "active": false,
              "pk": false,
              "fk": false,
              "pfk": false,
              "widthName": 104,
              "widthComment": 60,
              "widthDataType": 60,
              "widthDefault": 60
            },
            "id": "9b569a44-aedf-8dac-3d77-85650126be59"
          }
        ],
        "ui": {
          "active": false,
          "left": 696,
          "top": 1027,
          "zIndex": 293,
          "widthName": 60,
          "widthComment": 60
        },
        "id": "4844e595-78bf-c933-c657-5f658676d602"
      },
      {
        "name": "Secciones-Cursos",
        "comment": "",
        "columns": [
          {
            "name": "id_Seccion",
            "comment": "",
            "dataType": "INT",
            "default": "",
            "option": {
              "autoIncrement": false,
              "primaryKey": true,
              "unique": false,
              "notNull": true
            },
            "ui": {
              "active": false,
              "pk": false,
              "fk": false,
              "pfk": true,
              "widthName": 65,
              "widthComment": 60,
              "widthDataType": 60,
              "widthDefault": 60
            },
            "id": "ab4f1720-1507-0965-8fe9-dc07d3fb309f"
          },
          {
            "name": "id_Curso",
            "comment": "",
            "dataType": "INT",
            "default": "",
            "option": {
              "autoIncrement": false,
              "primaryKey": true,
              "unique": false,
              "notNull": true
            },
            "ui": {
              "active": false,
              "pk": false,
              "fk": false,
              "pfk": true,
              "widthName": 60,
              "widthComment": 60,
              "widthDataType": 60,
              "widthDefault": 60
            },
            "id": "901ef88c-a0bd-ce65-bee7-dba0b89c78f2"
          }
        ],
        "ui": {
          "active": false,
          "left": 714,
          "top": 805,
          "zIndex": 292,
          "widthName": 108,
          "widthComment": 60
        },
        "id": "fb67ba2f-f2bc-fb9f-8874-c6157f3726c7"
      },
      {
        "name": "Actividades_Estraescolares",
        "comment": "",
        "columns": [
          {
            "name": "id_Actividad",
            "comment": "",
            "dataType": "INT",
            "default": "",
            "option": {
              "autoIncrement": true,
              "primaryKey": true,
              "unique": true,
              "notNull": true
            },
            "ui": {
              "active": false,
              "pk": true,
              "fk": false,
              "pfk": false,
              "widthName": 72,
              "widthComment": 60,
              "widthDataType": 60,
              "widthDefault": 60
            },
            "id": "eb43e16c-9bb5-2ab2-9069-ef0d71044d3d"
          },
          {
            "name": "nombre",
            "comment": "",
            "dataType": "VARCHAR",
            "default": "",
            "option": {
              "autoIncrement": false,
              "primaryKey": false,
              "unique": false,
              "notNull": true
            },
            "ui": {
              "active": false,
              "pk": false,
              "fk": false,
              "pfk": false,
              "widthName": 60,
              "widthComment": 60,
              "widthDataType": 65,
              "widthDefault": 60
            },
            "id": "2a231f4e-e560-19f7-4a84-00260c6b8e7f"
          },
          {
            "name": "responsable",
            "comment": "",
            "dataType": "VARCHAR",
            "default": "",
            "option": {
              "autoIncrement": false,
              "primaryKey": false,
              "unique": false,
              "notNull": true
            },
            "ui": {
              "active": false,
              "pk": false,
              "fk": false,
              "pfk": false,
              "widthName": 73,
              "widthComment": 60,
              "widthDataType": 65,
              "widthDefault": 60
            },
            "id": "c92d3b37-e078-3195-d376-b49d29e1428f"
          },
          {
            "name": "fecha_Inicio",
            "comment": "",
            "dataType": "DATE",
            "default": "",
            "option": {
              "autoIncrement": false,
              "primaryKey": false,
              "unique": false,
              "notNull": false
            },
            "ui": {
              "active": false,
              "pk": false,
              "fk": false,
              "pfk": false,
              "widthName": 71,
              "widthComment": 60,
              "widthDataType": 60,
              "widthDefault": 60
            },
            "id": "54a40a2e-9101-6403-2e8c-26bdfc4afb86"
          },
          {
            "name": "fecha_Fin",
            "comment": "",
            "dataType": "DATE",
            "default": "",
            "option": {
              "autoIncrement": false,
              "primaryKey": false,
              "unique": false,
              "notNull": false
            },
            "ui": {
              "active": false,
              "pk": false,
              "fk": false,
              "pfk": false,
              "widthName": 60,
              "widthComment": 60,
              "widthDataType": 60,
              "widthDefault": 60
            },
            "id": "3a0af6ea-f250-204b-c51d-beb80fc6fae3"
          },
          {
            "name": "horario",
            "comment": "",
            "dataType": "VARCHAR",
            "default": "",
            "option": {
              "autoIncrement": false,
              "primaryKey": false,
              "unique": false,
              "notNull": false
            },
            "ui": {
              "active": false,
              "pk": false,
              "fk": false,
              "pfk": false,
              "widthName": 60,
              "widthComment": 60,
              "widthDataType": 65,
              "widthDefault": 60
            },
            "id": "0113b90a-a43e-979f-3964-923acfa65d2c"
          },
          {
            "name": "id_Centro",
            "comment": "",
            "dataType": "INT",
            "default": "",
            "option": {
              "autoIncrement": false,
              "primaryKey": false,
              "unique": false,
              "notNull": false
            },
            "ui": {
              "active": false,
              "pk": false,
              "fk": true,
              "pfk": false,
              "widthName": 60,
              "widthComment": 60,
              "widthDataType": 60,
              "widthDefault": 60
            },
            "id": "cabe681c-91fa-413c-497b-2f4e666f74cb"
          }
        ],
        "ui": {
          "active": false,
          "left": 682,
          "top": 536,
          "zIndex": 288,
          "widthName": 162,
          "widthComment": 60
        },
        "id": "7a9b78bc-eb6a-6b05-863f-d663eb12b1b0"
      },
      {
        "name": "Localidad",
        "comment": "",
        "columns": [
          {
            "name": "id_Localidad",
            "comment": "",
            "dataType": "INT",
            "default": "",
            "option": {
              "autoIncrement": true,
              "primaryKey": true,
              "unique": true,
              "notNull": true
            },
            "ui": {
              "active": false,
              "pk": true,
              "fk": false,
              "pfk": false,
              "widthName": 75,
              "widthComment": 60,
              "widthDataType": 60,
              "widthDefault": 60
            },
            "id": "ac3e6494-7783-909e-ce9a-c76df08cdb90"
          },
          {
            "name": "nombre",
            "comment": "",
            "dataType": "VARCHAR",
            "default": "",
            "option": {
              "autoIncrement": false,
              "primaryKey": false,
              "unique": false,
              "notNull": true
            },
            "ui": {
              "active": false,
              "pk": false,
              "fk": false,
              "pfk": false,
              "widthName": 60,
              "widthComment": 60,
              "widthDataType": 65,
              "widthDefault": 60
            },
            "id": "ef5f602f-5e0b-f82f-b404-09d6312e3203"
          },
          {
            "name": "numero_Habitantes",
            "comment": "",
            "dataType": "INT",
            "default": "",
            "option": {
              "autoIncrement": false,
              "primaryKey": false,
              "unique": false,
              "notNull": false
            },
            "ui": {
              "active": false,
              "pk": false,
              "fk": false,
              "pfk": false,
              "widthName": 115,
              "widthComment": 60,
              "widthDataType": 60,
              "widthDefault": 60
            },
            "id": "b806d080-dde3-63f5-c7ef-81c3fede1223"
          }
        ],
        "ui": {
          "active": false,
          "left": 125,
          "top": 236,
          "zIndex": 294,
          "widthName": 60,
          "widthComment": 60
        },
        "id": "e088fd89-9207-a89a-971e-2b5e8fd02973"
      }
    ],
    "indexes": []
  },
  "memo": {
    "memos": []
  },
  "relationship": {
    "relationships": [
      {
        "identification": false,
        "start": {
          "tableId": "b5659498-cf1b-03fe-1fb1-473f7b594348",
          "columnIds": [
            "a9bbbe41-76a9-1f23-2b1e-5486b23a04e0"
          ],
          "x": 1092,
          "y": 301.5,
          "direction": "right"
        },
        "end": {
          "tableId": "f40c9122-e28f-ff69-4cf2-8192d3fbe523",
          "columnIds": [
            "398ab7d2-32b2-4002-82b3-a9bf6d161e4e"
          ],
          "x": 1207,
          "y": 301.5,
          "direction": "left"
        },
        "id": "bc11fef2-5e3a-5171-5b98-4b4fbca5ef41",
        "relationshipType": "OneN"
      },
      {
        "identification": true,
        "start": {
          "tableId": "f40c9122-e28f-ff69-4cf2-8192d3fbe523",
          "columnIds": [
            "142bbab1-4b56-ce64-b449-b4e226367c36"
          ],
          "x": 1419.5,
          "y": 459,
          "direction": "bottom"
        },
        "end": {
          "tableId": "6d5774e1-d331-755e-c79f-a6146013bd09",
          "columnIds": [
            "af49d3a5-03d1-7273-ca6f-1440e3f79645"
          ],
          "x": 1419.5,
          "y": 569,
          "direction": "top"
        },
        "id": "73822c13-22f2-9823-1c4d-3708b9c6889e",
        "relationshipType": "ZeroN"
      },
      {
        "identification": true,
        "start": {
          "tableId": "83df0395-4ec0-d28a-e10b-ab1b03d9381f",
          "columnIds": [
            "9ccbf17d-381f-93e1-003b-3d987381d5b0"
          ],
          "x": 1419.5,
          "y": 783,
          "direction": "top"
        },
        "end": {
          "tableId": "6d5774e1-d331-755e-c79f-a6146013bd09",
          "columnIds": [
            "b0afe431-83e1-1ec4-3731-443c3b6ab68b"
          ],
          "x": 1419.5,
          "y": 699.5,
          "direction": "bottom"
        },
        "id": "6c219385-44ee-c072-21b7-2ea4ef5604bb",
        "relationshipType": "OneN"
      },
      {
        "identification": true,
        "start": {
          "tableId": "83df0395-4ec0-d28a-e10b-ab1b03d9381f",
          "columnIds": [
            "9ccbf17d-381f-93e1-003b-3d987381d5b0"
          ],
          "x": 1205,
          "y": 858.5,
          "direction": "left"
        },
        "end": {
          "tableId": "fb67ba2f-f2bc-fb9f-8874-c6157f3726c7",
          "columnIds": [
            "ab4f1720-1507-0965-8fe9-dc07d3fb309f"
          ],
          "x": 1113,
          "y": 860,
          "direction": "right"
        },
        "id": "4f2386aa-de78-a363-7219-4a82a92b57dc",
        "relationshipType": "OneN"
      },
      {
        "identification": true,
        "start": {
          "tableId": "4844e595-78bf-c933-c657-5f658676d602",
          "columnIds": [
            "8c31b7cb-a1de-4e11-67fb-27fa9419b58d"
          ],
          "x": 915,
          "y": 1027,
          "direction": "top"
        },
        "end": {
          "tableId": "fb67ba2f-f2bc-fb9f-8874-c6157f3726c7",
          "columnIds": [
            "901ef88c-a0bd-ce65-bee7-dba0b89c78f2"
          ],
          "x": 913.5,
          "y": 915,
          "direction": "bottom"
        },
        "id": "f0317e2c-8745-7730-6b54-d77c9c280238",
        "relationshipType": "OneN"
      },
      {
        "identification": false,
        "start": {
          "tableId": "b5659498-cf1b-03fe-1fb1-473f7b594348",
          "columnIds": [
            "a9bbbe41-76a9-1f23-2b1e-5486b23a04e0"
          ],
          "x": 887.5,
          "y": 418,
          "direction": "bottom"
        },
        "end": {
          "tableId": "7a9b78bc-eb6a-6b05-863f-d663eb12b1b0",
          "columnIds": [
            "cabe681c-91fa-413c-497b-2f4e666f74cb"
          ],
          "x": 888,
          "y": 536,
          "direction": "top"
        },
        "id": "f87cce6f-da20-0e6c-e770-70bc695d6c8b",
        "relationshipType": "ZeroN"
      },
      {
        "identification": false,
        "start": {
          "tableId": "e088fd89-9207-a89a-971e-2b5e8fd02973",
          "columnIds": [
            "ac3e6494-7783-909e-ce9a-c76df08cdb90"
          ],
          "x": 579,
          "y": 301.25,
          "direction": "right"
        },
        "end": {
          "tableId": "b5659498-cf1b-03fe-1fb1-473f7b594348",
          "columnIds": [
            "8472046d-6fbe-3628-ee19-0d8f75a88c80"
          ],
          "x": 683,
          "y": 301.5,
          "direction": "left"
        },
        "id": "fe3b9ae5-93c1-ee53-e873-b84a0f19cb30",
        "relationshipType": "OneOnly"
      }
    ]
  }
}